-- MNIST 196-32-10 weights, Q8.8 signed, generated by python/train_mnist.py
WIDTH=16;
DEPTH=6634;

ADDRESS_RADIX=UNS;
DATA_RADIX=HEX;

CONTENT BEGIN
    0 : 0000;  -- W1[0][0]
    1 : 0000;
    2 : 0000;
    3 : 0000;
    4 : 0000;
    5 : 0000;
    6 : 0000;
    7 : 0002;
    8 : 0000;
    9 : 0000;
    10 : 0000;
    11 : 0000;
    12 : 0000;
    13 : 0000;
    14 : 0000;
    15 : 0000;
    16 : 000A;
    17 : 001A;
    18 : 0016;
    19 : 0011;
    20 : 0031;
    21 : 0037;
    22 : 0023;
    23 : 0042;
    24 : 002D;
    25 : 0006;
    26 : 000A;
    27 : FFFD;
    28 : 0000;
    29 : 0006;
    30 : 0029;
    31 : 0039;
    32 : 001E;
    33 : 004B;
    34 : 0040;
    35 : 0034;
    36 : 0042;
    37 : 0036;
    38 : 001D;
    39 : 0014;
    40 : 001D;
    41 : 0007;
    42 : FFFF;
    43 : FFF7;
    44 : 001C;
    45 : 0007;
    46 : 0026;
    47 : FFFD;
    48 : 0014;
    49 : 001D;
    50 : FFF9;
    51 : 0009;
    52 : FFF0;
    53 : FFD4;
    54 : 002B;
    55 : 0013;
    56 : FFF9;
    57 : FFC5;
    58 : FFCB;
    59 : FFEC;
    60 : 0003;
    61 : FFEB;
    62 : 000E;
    63 : FFD6;
    64 : FFCE;
    65 : FFD4;
    66 : 001F;
    67 : 0025;
    68 : 006D;
    69 : 0012;
    70 : FFFA;
    71 : FFE9;
    72 : FFBE;
    73 : FFB6;
    74 : 0003;
    75 : FFDD;
    76 : 0059;
    77 : 0096;
    78 : 0036;
    79 : 002B;
    80 : FFE0;
    81 : FF99;
    82 : 002C;
    83 : 000D;
    84 : FFFA;
    85 : FFD5;
    86 : FFA8;
    87 : FFB1;
    88 : FFCF;
    89 : 002B;
    90 : 0089;
    91 : 00E2;
    92 : 0037;
    93 : FFD8;
    94 : FF96;
    95 : FF61;
    96 : FF7C;
    97 : 0006;
    98 : 0003;
    99 : FFEF;
    100 : FFA1;
    101 : FF8D;
    102 : FF81;
    103 : FF80;
    104 : 001B;
    105 : FFE3;
    106 : FFD8;
    107 : FFFA;
    108 : FFDD;
    109 : FFF0;
    110 : FFF5;
    111 : FFFC;
    112 : 0004;
    113 : 003C;
    114 : 0023;
    115 : FFAE;
    116 : FF68;
    117 : FF0C;
    118 : FF55;
    119 : FFAF;
    120 : FFF0;
    121 : 005C;
    122 : 002D;
    123 : FFFD;
    124 : FFD2;
    125 : FFEC;
    126 : 0000;
    127 : 0067;
    128 : 004B;
    129 : 004B;
    130 : 0019;
    131 : FFD7;
    132 : FFB0;
    133 : FFF1;
    134 : 0000;
    135 : 003D;
    136 : 004A;
    137 : 0007;
    138 : FFAD;
    139 : FFF2;
    140 : 0000;
    141 : FFFF;
    142 : 001C;
    143 : 0036;
    144 : 0072;
    145 : 0047;
    146 : FFFA;
    147 : 0015;
    148 : FFF6;
    149 : 003E;
    150 : 003B;
    151 : FFEE;
    152 : FFB4;
    153 : 0000;
    154 : 0000;
    155 : 0020;
    156 : 0027;
    157 : FFCA;
    158 : FFD7;
    159 : FFF9;
    160 : 001A;
    161 : FFEE;
    162 : 0008;
    163 : 0004;
    164 : 0021;
    165 : FFBB;
    166 : FFC2;
    167 : 0000;
    168 : 0000;
    169 : 0015;
    170 : 0036;
    171 : 0047;
    172 : 007A;
    173 : 004B;
    174 : FFFD;
    175 : FFD8;
    176 : FFF5;
    177 : FFC9;
    178 : FFCC;
    179 : FFCE;
    180 : FFF8;
    181 : 0000;
    182 : 0000;
    183 : 0000;
    184 : 000B;
    185 : 0004;
    186 : 0001;
    187 : 0015;
    188 : FFEC;
    189 : 0024;
    190 : 0010;
    191 : FFE1;
    192 : 0009;
    193 : FFFE;
    194 : 0000;
    195 : 0000;
    196 : 0000;  -- W1[1][0]
    197 : 0000;
    198 : 0000;
    199 : 0000;
    200 : 0000;
    201 : 0004;
    202 : 000A;
    203 : 000B;
    204 : FFF1;
    205 : 000E;
    206 : 000B;
    207 : 0007;
    208 : 0000;
    209 : 0000;
    210 : 0000;
    211 : 0000;
    212 : FFFD;
    213 : 0000;
    214 : FFC4;
    215 : FFB1;
    216 : FF9C;
    217 : FFC0;
    218 : FFC0;
    219 : 0041;
    220 : 0028;
    221 : 003A;
    222 : 0003;
    223 : 0000;
    224 : 0000;
    225 : FFF9;
    226 : FFE4;
    227 : FFC4;
    228 : FF35;
    229 : FF3B;
    230 : FFA6;
    231 : FFB9;
    232 : FFF8;
    233 : 0042;
    234 : 0032;
    235 : 0047;
    236 : 0020;
    237 : 0006;
    238 : FFFA;
    239 : FFE0;
    240 : FFC2;
    241 : FF59;
    242 : FF5C;
    243 : FFC8;
    244 : 003A;
    245 : 0030;
    246 : 0023;
    247 : 0065;
    248 : 005B;
    249 : 003F;
    250 : 004E;
    251 : 0016;
    252 : FFFF;
    253 : FFD4;
    254 : FFD5;
    255 : FF7F;
    256 : FF39;
    257 : FFFA;
    258 : 0059;
    259 : 0067;
    260 : FFC7;
    261 : FFAC;
    262 : FFD6;
    263 : 000F;
    264 : 004A;
    265 : 000C;
    266 : 0000;
    267 : FFE5;
    268 : FFAC;
    269 : FF13;
    270 : FF95;
    271 : 0037;
    272 : 005F;
    273 : 000B;
    274 : FF7E;
    275 : FF22;
    276 : FF0C;
    277 : FF23;
    278 : FFBD;
    279 : FFFA;
    280 : 0000;
    281 : 0000;
    282 : FFD7;
    283 : FF91;
    284 : FFAA;
    285 : 0054;
    286 : 004F;
    287 : 003E;
    288 : FFF2;
    289 : FFCD;
    290 : FFC9;
    291 : FF1C;
    292 : FF33;
    293 : FFB3;
    294 : 0000;
    295 : 0001;
    296 : FFE8;
    297 : FFAF;
    298 : 000F;
    299 : 0012;
    300 : 000B;
    301 : 003A;
    302 : 0029;
    303 : FFC3;
    304 : 0066;
    305 : FF93;
    306 : FF75;
    307 : FFC1;
    308 : 0000;
    309 : FFD0;
    310 : 0039;
    311 : FFF8;
    312 : 000B;
    313 : 000C;
    314 : 0030;
    315 : 006E;
    316 : FFEB;
    317 : FFF2;
    318 : 0003;
    319 : FFB5;
    320 : FF77;
    321 : FFB9;
    322 : 0000;
    323 : FFD8;
    324 : 0034;
    325 : 001E;
    326 : FFD9;
    327 : FFF3;
    328 : 0062;
    329 : 0040;
    330 : FFD9;
    331 : FFF5;
    332 : FFF6;
    333 : FF93;
    334 : FFBD;
    335 : FFE6;
    336 : 0000;
    337 : FFBA;
    338 : 0001;
    339 : FF8D;
    340 : FFAF;
    341 : 0017;
    342 : 0048;
    343 : 0018;
    344 : FFF1;
    345 : FFE6;
    346 : FFBF;
    347 : FFAA;
    348 : FFF8;
    349 : FFFE;
    350 : 0000;
    351 : FFDF;
    352 : FFB2;
    353 : FF60;
    354 : FFE7;
    355 : FFF2;
    356 : 0029;
    357 : 0024;
    358 : 0020;
    359 : 0010;
    360 : FFCE;
    361 : FFE8;
    362 : FFFD;
    363 : 0002;
    364 : 0000;
    365 : FFF6;
    366 : FFBC;
    367 : FF79;
    368 : FF97;
    369 : FFC8;
    370 : FFDC;
    371 : FFEE;
    372 : 000B;
    373 : 0022;
    374 : FFE1;
    375 : 000B;
    376 : 0000;
    377 : 0000;
    378 : 0000;
    379 : 0000;
    380 : 0005;
    381 : 0014;
    382 : 0027;
    383 : 0037;
    384 : 0044;
    385 : 003F;
    386 : 002F;
    387 : 000C;
    388 : 0007;
    389 : 0000;
    390 : 0000;
    391 : 0000;
    392 : 0000;  -- W1[2][0]
    393 : 0000;
    394 : 0000;
    395 : 0000;
    396 : 0000;
    397 : 0000;
    398 : FFFB;
    399 : 0000;
    400 : 0000;
    401 : 0000;
    402 : 0000;
    403 : 0000;
    404 : 0000;
    405 : 0000;
    406 : 0000;
    407 : 0000;
    408 : 0000;
    409 : 0008;
    410 : 0050;
    411 : 0043;
    412 : 0039;
    413 : 0008;
    414 : FFEF;
    415 : FFEE;
    416 : 0001;
    417 : 000C;
    418 : 0025;
    419 : 0004;
    420 : 0000;
    421 : 0002;
    422 : FFDF;
    423 : 0020;
    424 : 0067;
    425 : 009F;
    426 : 0080;
    427 : 0076;
    428 : 0094;
    429 : 0040;
    430 : 0033;
    431 : FFF1;
    432 : 005E;
    433 : 0014;
    434 : 0001;
    435 : 0004;
    436 : 0007;
    437 : 0029;
    438 : 0025;
    439 : 0022;
    440 : 0062;
    441 : 00A8;
    442 : 00BA;
    443 : 009B;
    444 : 0052;
    445 : 003C;
    446 : 0050;
    447 : 0027;
    448 : 0000;
    449 : FFFA;
    450 : 0010;
    451 : 000A;
    452 : 0014;
    453 : FFF1;
    454 : 0006;
    455 : FFB6;
    456 : FFFE;
    457 : 0039;
    458 : 0005;
    459 : 001D;
    460 : FFFB;
    461 : 0004;
    462 : 0000;
    463 : FFF2;
    464 : 002B;
    465 : FFF4;
    466 : FFCA;
    467 : FFF2;
    468 : FFDA;
    469 : FF73;
    470 : FF63;
    471 : FFDA;
    472 : 0008;
    473 : 000A;
    474 : 000E;
    475 : 000A;
    476 : FFFA;
    477 : FFFA;
    478 : FFC2;
    479 : FFD8;
    480 : FFE6;
    481 : 001B;
    482 : 000A;
    483 : FFF3;
    484 : FFCD;
    485 : 0028;
    486 : 0021;
    487 : FF9E;
    488 : FFE3;
    489 : 000A;
    490 : FFFD;
    491 : 0009;
    492 : FFCC;
    493 : FFC1;
    494 : FFEB;
    495 : FFD0;
    496 : 0014;
    497 : 001A;
    498 : FFCE;
    499 : FFF8;
    500 : 0001;
    501 : FFD7;
    502 : FFC6;
    503 : 0006;
    504 : FFFD;
    505 : 003D;
    506 : 0016;
    507 : FFB9;
    508 : FFBF;
    509 : FFCE;
    510 : FFF5;
    511 : FFCB;
    512 : 001B;
    513 : FFDA;
    514 : FFD8;
    515 : FFE5;
    516 : 0008;
    517 : FFFB;
    518 : 0000;
    519 : 0008;
    520 : 005C;
    521 : 0014;
    522 : FFD7;
    523 : FFD7;
    524 : FFB1;
    525 : FFCB;
    526 : 004E;
    527 : FFFF;
    528 : FFFC;
    529 : 0018;
    530 : FFFB;
    531 : FFFF;
    532 : 0000;
    533 : 0021;
    534 : 0054;
    535 : 0046;
    536 : FFF4;
    537 : FFFE;
    538 : FFFD;
    539 : 000F;
    540 : 0030;
    541 : 0016;
    542 : 002F;
    543 : 0045;
    544 : 000C;
    545 : FFFC;
    546 : 0000;
    547 : 0032;
    548 : 001A;
    549 : 0058;
    550 : 006C;
    551 : 0064;
    552 : 0059;
    553 : 0041;
    554 : 0024;
    555 : 0015;
    556 : 0019;
    557 : 0069;
    558 : 002B;
    559 : FFFB;
    560 : 0000;
    561 : 000A;
    562 : FFE5;
    563 : 0030;
    564 : 0050;
    565 : 0077;
    566 : 00AA;
    567 : 0088;
    568 : 006A;
    569 : 003A;
    570 : 0033;
    571 : 0027;
    572 : 0009;
    573 : 0000;
    574 : 0000;
    575 : 0000;
    576 : 000A;
    577 : 0006;
    578 : 0000;
    579 : 0024;
    580 : 000F;
    581 : FFDB;
    582 : FFF2;
    583 : 0000;
    584 : 000F;
    585 : 0002;
    586 : 0000;
    587 : 0000;
    588 : 0000;  -- W1[3][0]
    589 : 0000;
    590 : 0000;
    591 : 0010;
    592 : 0009;
    593 : 0007;
    594 : 000A;
    595 : 0000;
    596 : 0008;
    597 : 0001;
    598 : 0000;
    599 : 0003;
    600 : 0000;
    601 : 0000;
    602 : 0000;
    603 : 0000;
    604 : 0001;
    605 : 0039;
    606 : 006D;
    607 : 0083;
    608 : 0061;
    609 : 002C;
    610 : 0028;
    611 : 002C;
    612 : 0001;
    613 : 0005;
    614 : FFFF;
    615 : 0000;
    616 : 0000;
    617 : FFFF;
    618 : FFCC;
    619 : FFFD;
    620 : 001B;
    621 : 0049;
    622 : 0042;
    623 : 007C;
    624 : 0031;
    625 : FFDA;
    626 : FFB6;
    627 : FFA7;
    628 : FFEE;
    629 : 0000;
    630 : FFFF;
    631 : FFEE;
    632 : FFCA;
    633 : FFFA;
    634 : 0025;
    635 : 0074;
    636 : 00C6;
    637 : 0051;
    638 : FF7E;
    639 : FF38;
    640 : FF5D;
    641 : FF53;
    642 : FFBB;
    643 : FFFD;
    644 : FFFB;
    645 : FFC5;
    646 : FFE2;
    647 : 0016;
    648 : 0038;
    649 : 008A;
    650 : FFF4;
    651 : FFBC;
    652 : FFD2;
    653 : FFCD;
    654 : FFB5;
    655 : FF36;
    656 : FFBE;
    657 : 0001;
    658 : FFFA;
    659 : FFE6;
    660 : 002A;
    661 : 0072;
    662 : 0067;
    663 : FFB1;
    664 : FF78;
    665 : FFEE;
    666 : 0042;
    667 : 0048;
    668 : FFFF;
    669 : FFE1;
    670 : 0014;
    671 : FFF3;
    672 : FFFC;
    673 : FFF8;
    674 : 0014;
    675 : 0024;
    676 : 000C;
    677 : FFFA;
    678 : FFF7;
    679 : FFF8;
    680 : 0017;
    681 : 0008;
    682 : 0020;
    683 : 0012;
    684 : 0056;
    685 : FFEB;
    686 : FFFD;
    687 : 000A;
    688 : FFF4;
    689 : FFF5;
    690 : FFF3;
    691 : FFFB;
    692 : FFCE;
    693 : FFED;
    694 : 0005;
    695 : FFE3;
    696 : 000E;
    697 : 001C;
    698 : 004F;
    699 : FFF5;
    700 : FFFD;
    701 : 0012;
    702 : FFF6;
    703 : FF9B;
    704 : FF9B;
    705 : 0036;
    706 : 002C;
    707 : FFB9;
    708 : FFE3;
    709 : 0019;
    710 : 0023;
    711 : 0010;
    712 : 0016;
    713 : FFF6;
    714 : 0000;
    715 : 000F;
    716 : FFCE;
    717 : FFF4;
    718 : FFD3;
    719 : 0081;
    720 : 0030;
    721 : FFB2;
    722 : 0004;
    723 : 0015;
    724 : 0047;
    725 : 0044;
    726 : FFF9;
    727 : FFF9;
    728 : 0000;
    729 : 0016;
    730 : 002B;
    731 : 0004;
    732 : 000E;
    733 : 0040;
    734 : 0002;
    735 : 0033;
    736 : 0021;
    737 : 0033;
    738 : 0029;
    739 : 0026;
    740 : 002F;
    741 : FFFF;
    742 : 0000;
    743 : 0020;
    744 : 000F;
    745 : FFE4;
    746 : FFE6;
    747 : FFFD;
    748 : 002D;
    749 : 004F;
    750 : 0025;
    751 : 0017;
    752 : 003A;
    753 : 0029;
    754 : 000D;
    755 : FFFF;
    756 : 0000;
    757 : 0003;
    758 : FFF3;
    759 : FFD0;
    760 : FFDE;
    761 : FFE9;
    762 : FFE0;
    763 : 0010;
    764 : 001E;
    765 : 0021;
    766 : 0039;
    767 : 0045;
    768 : 0013;
    769 : 0000;
    770 : 0000;
    771 : 0000;
    772 : 0000;
    773 : FFFD;
    774 : 0024;
    775 : 000E;
    776 : 0014;
    777 : 0009;
    778 : FFF0;
    779 : 0009;
    780 : 002A;
    781 : 0009;
    782 : 0001;
    783 : 0000;
    784 : 0000;  -- W1[4][0]
    785 : 0000;
    786 : 0000;
    787 : 0000;
    788 : 0000;
    789 : 0001;
    790 : 0004;
    791 : 0008;
    792 : 001C;
    793 : 0000;
    794 : 0000;
    795 : 0000;
    796 : 0000;
    797 : 0000;
    798 : 0000;
    799 : 0001;
    800 : FFF9;
    801 : FFF1;
    802 : FFEA;
    803 : FFE2;
    804 : FFE8;
    805 : FFC4;
    806 : FFD0;
    807 : FFE9;
    808 : FFF5;
    809 : FFFA;
    810 : 0009;
    811 : 0002;
    812 : 0000;
    813 : FFFE;
    814 : FFEB;
    815 : FFC6;
    816 : FFB1;
    817 : FFCD;
    818 : FFD1;
    819 : FF83;
    820 : FF58;
    821 : FF55;
    822 : FFA4;
    823 : FFA3;
    824 : FFE2;
    825 : 0002;
    826 : FFFD;
    827 : 0004;
    828 : FFFD;
    829 : FFE2;
    830 : FFDD;
    831 : FFE2;
    832 : FFC9;
    833 : 001E;
    834 : 0038;
    835 : 0053;
    836 : 0055;
    837 : 0011;
    838 : FFFF;
    839 : FFF8;
    840 : 0000;
    841 : FFD3;
    842 : FF95;
    843 : FFC9;
    844 : FFC8;
    845 : 0009;
    846 : 0070;
    847 : 007F;
    848 : 00C4;
    849 : 00A9;
    850 : 0083;
    851 : 0056;
    852 : 00A2;
    853 : 0005;
    854 : 0000;
    855 : FFFE;
    856 : FFE9;
    857 : 0035;
    858 : 0035;
    859 : 005C;
    860 : 0047;
    861 : 0051;
    862 : FFEB;
    863 : 001E;
    864 : 0037;
    865 : 0084;
    866 : 00EA;
    867 : 001E;
    868 : 0001;
    869 : 001B;
    870 : 0038;
    871 : 003A;
    872 : 0025;
    873 : FFF5;
    874 : 0027;
    875 : FFF4;
    876 : FF98;
    877 : FFC2;
    878 : FFE2;
    879 : 0015;
    880 : 0002;
    881 : FFFA;
    882 : 0000;
    883 : FFE5;
    884 : 0025;
    885 : 0001;
    886 : FFF8;
    887 : 001B;
    888 : FFF9;
    889 : FFA4;
    890 : FFC5;
    891 : FFDE;
    892 : FFC5;
    893 : FFB8;
    894 : FFF5;
    895 : FFF7;
    896 : 0000;
    897 : FFA4;
    898 : 001B;
    899 : 0028;
    900 : 000E;
    901 : 0034;
    902 : FF9A;
    903 : FF86;
    904 : FFF1;
    905 : FFAD;
    906 : FFAE;
    907 : FFCF;
    908 : FFC7;
    909 : FFF8;
    910 : 0001;
    911 : FF83;
    912 : FFBE;
    913 : 005C;
    914 : 0048;
    915 : FFE9;
    916 : FF88;
    917 : FFEF;
    918 : FFCD;
    919 : FFD2;
    920 : FFFF;
    921 : 0014;
    922 : FFEC;
    923 : FFF6;
    924 : 0000;
    925 : FFBA;
    926 : 0001;
    927 : 0040;
    928 : 0004;
    929 : FFDC;
    930 : FFD5;
    931 : FFD3;
    932 : FFE2;
    933 : FFF8;
    934 : 001F;
    935 : 001A;
    936 : 000B;
    937 : FFFF;
    938 : 0000;
    939 : 0000;
    940 : 0013;
    941 : 002E;
    942 : 0011;
    943 : 0032;
    944 : 0047;
    945 : FFFB;
    946 : FFE5;
    947 : FFB7;
    948 : FF8E;
    949 : FFF8;
    950 : 001B;
    951 : FFFE;
    952 : 0000;
    953 : 0000;
    954 : FFD7;
    955 : FFD7;
    956 : FFEE;
    957 : 0015;
    958 : 002F;
    959 : 0034;
    960 : 0025;
    961 : 0020;
    962 : 0038;
    963 : 001C;
    964 : 000B;
    965 : 0000;
    966 : 0000;
    967 : 0000;
    968 : 0010;
    969 : 002A;
    970 : 004E;
    971 : 007C;
    972 : 00A2;
    973 : 009B;
    974 : 008A;
    975 : 005D;
    976 : 0044;
    977 : 000A;
    978 : 0000;
    979 : 0000;
    980 : 0000;  -- W1[5][0]
    981 : 0000;
    982 : 0000;
    983 : 0006;
    984 : 0003;
    985 : 0004;
    986 : 0007;
    987 : FFFC;
    988 : 000B;
    989 : 0006;
    990 : 0005;
    991 : 0005;
    992 : 0000;
    993 : 0000;
    994 : 0000;
    995 : 0000;
    996 : 0007;
    997 : 0023;
    998 : 003E;
    999 : 0073;
    1000 : 0059;
    1001 : 0028;
    1002 : 0016;
    1003 : 0014;
    1004 : 0007;
    1005 : 0015;
    1006 : FFFB;
    1007 : 0001;
    1008 : 0000;
    1009 : 0004;
    1010 : FFFC;
    1011 : 001F;
    1012 : 0011;
    1013 : FFFC;
    1014 : FFD9;
    1015 : FFFD;
    1016 : 008F;
    1017 : 0062;
    1018 : 0008;
    1019 : FFCD;
    1020 : FFE1;
    1021 : 000A;
    1022 : FFFF;
    1023 : 0011;
    1024 : 003B;
    1025 : FFFE;
    1026 : FFB3;
    1027 : FF81;
    1028 : FFBC;
    1029 : FFE8;
    1030 : 0039;
    1031 : 000C;
    1032 : FFED;
    1033 : FFC0;
    1034 : FFF2;
    1035 : FFFD;
    1036 : FFFE;
    1037 : 0007;
    1038 : 0031;
    1039 : FFF5;
    1040 : FFCB;
    1041 : FFD4;
    1042 : 001E;
    1043 : 002A;
    1044 : FFC6;
    1045 : FFCC;
    1046 : 0052;
    1047 : 0017;
    1048 : FFD8;
    1049 : FFEC;
    1050 : FFFD;
    1051 : 0003;
    1052 : 0035;
    1053 : FFE7;
    1054 : FFE8;
    1055 : 0028;
    1056 : 0007;
    1057 : FF98;
    1058 : FF71;
    1059 : FFBF;
    1060 : 002C;
    1061 : 003E;
    1062 : FFE7;
    1063 : FFE8;
    1064 : FFFD;
    1065 : FFF6;
    1066 : 000B;
    1067 : FFEC;
    1068 : 0018;
    1069 : 000E;
    1070 : 0014;
    1071 : FFD3;
    1072 : FFFF;
    1073 : 003D;
    1074 : 001A;
    1075 : 007B;
    1076 : 0064;
    1077 : FFF6;
    1078 : 0000;
    1079 : 0005;
    1080 : 0003;
    1081 : FFFE;
    1082 : FFEC;
    1083 : 0032;
    1084 : 0021;
    1085 : 002A;
    1086 : 001C;
    1087 : 0058;
    1088 : 005F;
    1089 : 0048;
    1090 : 005F;
    1091 : 0015;
    1092 : 0000;
    1093 : 0020;
    1094 : 004D;
    1095 : 0041;
    1096 : 0019;
    1097 : 0067;
    1098 : 0023;
    1099 : 0006;
    1100 : 0031;
    1101 : 0054;
    1102 : 0058;
    1103 : 0046;
    1104 : 0028;
    1105 : 0010;
    1106 : 0000;
    1107 : 0020;
    1108 : 003A;
    1109 : 0084;
    1110 : 005F;
    1111 : 004A;
    1112 : FFF9;
    1113 : 0015;
    1114 : 0045;
    1115 : FFEE;
    1116 : FFF8;
    1117 : 0038;
    1118 : FFC4;
    1119 : FFFA;
    1120 : 0000;
    1121 : 003C;
    1122 : 001D;
    1123 : 004B;
    1124 : 005F;
    1125 : 005B;
    1126 : 0022;
    1127 : 0048;
    1128 : 0015;
    1129 : FFFD;
    1130 : FFD0;
    1131 : FFF7;
    1132 : FFAB;
    1133 : FFFD;
    1134 : 0000;
    1135 : 001C;
    1136 : FFB2;
    1137 : FFB8;
    1138 : 0010;
    1139 : 0061;
    1140 : 004F;
    1141 : 000C;
    1142 : FFC3;
    1143 : 000E;
    1144 : FFE6;
    1145 : 000D;
    1146 : FFDD;
    1147 : FFF7;
    1148 : 0000;
    1149 : 0004;
    1150 : FFE8;
    1151 : 0004;
    1152 : FFE5;
    1153 : FFED;
    1154 : FFD9;
    1155 : FFC2;
    1156 : FFC8;
    1157 : FFD4;
    1158 : FFEC;
    1159 : 0004;
    1160 : FFFE;
    1161 : 0000;
    1162 : 0000;
    1163 : 0000;
    1164 : 000D;
    1165 : 000E;
    1166 : 0001;
    1167 : 001A;
    1168 : 0013;
    1169 : FFFA;
    1170 : FFEB;
    1171 : FFF9;
    1172 : 0005;
    1173 : 0000;
    1174 : 0001;
    1175 : 0000;
    1176 : 0000;  -- W1[6][0]
    1177 : 0000;
    1178 : 0000;
    1179 : 0005;
    1180 : 0002;
    1181 : 0003;
    1182 : 0005;
    1183 : 0004;
    1184 : 0017;
    1185 : 0004;
    1186 : 0003;
    1187 : 0004;
    1188 : 0000;
    1189 : 0000;
    1190 : 0000;
    1191 : 0000;
    1192 : FFFE;
    1193 : 0005;
    1194 : 0023;
    1195 : 002C;
    1196 : 0025;
    1197 : 0010;
    1198 : 0017;
    1199 : 000D;
    1200 : 000F;
    1201 : 0017;
    1202 : 000D;
    1203 : 0001;
    1204 : 0000;
    1205 : FFFB;
    1206 : FFBC;
    1207 : FFCF;
    1208 : FFED;
    1209 : FFFC;
    1210 : FFD7;
    1211 : FFF0;
    1212 : 0029;
    1213 : 000D;
    1214 : FFD6;
    1215 : FFC2;
    1216 : FFE2;
    1217 : 0006;
    1218 : FFFF;
    1219 : FFFE;
    1220 : FFC4;
    1221 : FFDF;
    1222 : FFFC;
    1223 : 0024;
    1224 : 0026;
    1225 : 0027;
    1226 : 002F;
    1227 : 000B;
    1228 : FFEB;
    1229 : FFEA;
    1230 : FFEB;
    1231 : FFFC;
    1232 : FFFF;
    1233 : 0001;
    1234 : FFEC;
    1235 : 0003;
    1236 : 0039;
    1237 : 0055;
    1238 : 0026;
    1239 : 0009;
    1240 : FFF1;
    1241 : FFCC;
    1242 : FFE5;
    1243 : 0023;
    1244 : 003A;
    1245 : FFF5;
    1246 : 0000;
    1247 : FFF4;
    1248 : 002E;
    1249 : 0036;
    1250 : 004E;
    1251 : 002A;
    1252 : 0036;
    1253 : 0016;
    1254 : FFD7;
    1255 : 0016;
    1256 : 0013;
    1257 : 0034;
    1258 : 0061;
    1259 : 0001;
    1260 : FFFF;
    1261 : 000A;
    1262 : 0002;
    1263 : 0025;
    1264 : FFE1;
    1265 : FFE4;
    1266 : FFF3;
    1267 : FFEB;
    1268 : FFC7;
    1269 : FFF6;
    1270 : 001D;
    1271 : 0053;
    1272 : 0050;
    1273 : 0015;
    1274 : FFFC;
    1275 : FFE5;
    1276 : 0005;
    1277 : 0034;
    1278 : FFEB;
    1279 : 0042;
    1280 : 001D;
    1281 : FFC9;
    1282 : FFBD;
    1283 : FFF4;
    1284 : 0025;
    1285 : 0033;
    1286 : 007B;
    1287 : 000A;
    1288 : FFFD;
    1289 : FFE3;
    1290 : 004D;
    1291 : 003F;
    1292 : 000B;
    1293 : 001E;
    1294 : FFFC;
    1295 : FFCC;
    1296 : 0023;
    1297 : 0042;
    1298 : 0026;
    1299 : 0020;
    1300 : 003E;
    1301 : 0017;
    1302 : 0000;
    1303 : FFD8;
    1304 : 0001;
    1305 : 003B;
    1306 : 0031;
    1307 : 0075;
    1308 : 000E;
    1309 : 0012;
    1310 : 001D;
    1311 : 0013;
    1312 : 000B;
    1313 : 0010;
    1314 : 0014;
    1315 : 0003;
    1316 : 0000;
    1317 : 0007;
    1318 : 002C;
    1319 : 001F;
    1320 : 0036;
    1321 : 0088;
    1322 : 0082;
    1323 : 0007;
    1324 : FFED;
    1325 : FFA6;
    1326 : FFD1;
    1327 : FFE4;
    1328 : 0002;
    1329 : 0001;
    1330 : 0000;
    1331 : 0005;
    1332 : FFE3;
    1333 : 0000;
    1334 : 0014;
    1335 : 003A;
    1336 : 0048;
    1337 : FFEA;
    1338 : 0008;
    1339 : FFB6;
    1340 : FFC6;
    1341 : 0008;
    1342 : 0007;
    1343 : FFFE;
    1344 : 0000;
    1345 : FFF9;
    1346 : FFF5;
    1347 : FFE9;
    1348 : FFD4;
    1349 : FFC3;
    1350 : FFD0;
    1351 : FFEE;
    1352 : 0006;
    1353 : 002B;
    1354 : 0011;
    1355 : 0021;
    1356 : 000B;
    1357 : 0000;
    1358 : 0000;
    1359 : 0000;
    1360 : 0006;
    1361 : 000B;
    1362 : 0008;
    1363 : 001E;
    1364 : 003B;
    1365 : 001D;
    1366 : 001C;
    1367 : 0021;
    1368 : 0015;
    1369 : 0002;
    1370 : 0000;
    1371 : 0000;
    1372 : 0000;  -- W1[7][0]
    1373 : 0000;
    1374 : 0000;
    1375 : 0007;
    1376 : 0004;
    1377 : 0002;
    1378 : 0001;
    1379 : 0000;
    1380 : FFF9;
    1381 : 0009;
    1382 : 0008;
    1383 : 0006;
    1384 : 0000;
    1385 : 0000;
    1386 : 0000;
    1387 : 0000;
    1388 : 0009;
    1389 : 0035;
    1390 : 003C;
    1391 : 004E;
    1392 : 0044;
    1393 : 0019;
    1394 : FFEE;
    1395 : 0043;
    1396 : 0024;
    1397 : 0019;
    1398 : 0002;
    1399 : 0000;
    1400 : 0000;
    1401 : 0002;
    1402 : 002D;
    1403 : 003D;
    1404 : 0030;
    1405 : FFFF;
    1406 : FFEA;
    1407 : FFEC;
    1408 : FFF7;
    1409 : FFBF;
    1410 : 0005;
    1411 : 0028;
    1412 : 0016;
    1413 : 0005;
    1414 : 0003;
    1415 : 000B;
    1416 : 0014;
    1417 : 001C;
    1418 : 000E;
    1419 : FFEC;
    1420 : FFD6;
    1421 : FFD7;
    1422 : FFC4;
    1423 : FFD1;
    1424 : FFEB;
    1425 : FFCA;
    1426 : 0046;
    1427 : 000A;
    1428 : 0005;
    1429 : 0018;
    1430 : 0040;
    1431 : 0010;
    1432 : 0029;
    1433 : 0027;
    1434 : FFF4;
    1435 : FFC3;
    1436 : FFC9;
    1437 : FFC6;
    1438 : FFF2;
    1439 : 0005;
    1440 : 001B;
    1441 : 0016;
    1442 : 0003;
    1443 : 0031;
    1444 : 0040;
    1445 : 0019;
    1446 : 002B;
    1447 : 0024;
    1448 : 002F;
    1449 : 0032;
    1450 : 0033;
    1451 : 002C;
    1452 : 005B;
    1453 : 002A;
    1454 : 0058;
    1455 : 000F;
    1456 : 0001;
    1457 : 001E;
    1458 : 001D;
    1459 : FFF5;
    1460 : 0000;
    1461 : 003B;
    1462 : 0048;
    1463 : 007B;
    1464 : 004E;
    1465 : FFEE;
    1466 : FFC8;
    1467 : FFDC;
    1468 : 0001;
    1469 : 000E;
    1470 : 0003;
    1471 : 0013;
    1472 : FFD9;
    1473 : FFEA;
    1474 : FFDD;
    1475 : FFF2;
    1476 : 0019;
    1477 : 00A4;
    1478 : 000D;
    1479 : FFFC;
    1480 : 0004;
    1481 : 001B;
    1482 : FFE4;
    1483 : FFF8;
    1484 : 0002;
    1485 : 001A;
    1486 : FFEC;
    1487 : FFD3;
    1488 : FFA6;
    1489 : FFC2;
    1490 : 0044;
    1491 : 0040;
    1492 : 0004;
    1493 : 0021;
    1494 : 002B;
    1495 : FFEE;
    1496 : 0022;
    1497 : FFFC;
    1498 : 0000;
    1499 : 0010;
    1500 : FFFD;
    1501 : FFDF;
    1502 : FFBC;
    1503 : FFD8;
    1504 : 0025;
    1505 : 000A;
    1506 : 0029;
    1507 : 0014;
    1508 : FFE8;
    1509 : 000A;
    1510 : 0014;
    1511 : FFFE;
    1512 : FFFE;
    1513 : FFEC;
    1514 : FF95;
    1515 : FFD0;
    1516 : 0023;
    1517 : 0017;
    1518 : 002F;
    1519 : 002D;
    1520 : 0017;
    1521 : 0010;
    1522 : FFFC;
    1523 : FFE0;
    1524 : FFF7;
    1525 : FFFF;
    1526 : 0000;
    1527 : FFFB;
    1528 : 0028;
    1529 : FFEC;
    1530 : FFF5;
    1531 : FFF8;
    1532 : 001A;
    1533 : 0019;
    1534 : 003B;
    1535 : FFFD;
    1536 : FFE1;
    1537 : FFBD;
    1538 : FFF8;
    1539 : 0001;
    1540 : 0000;
    1541 : 0005;
    1542 : 000F;
    1543 : 001D;
    1544 : 0022;
    1545 : 0035;
    1546 : 0025;
    1547 : 0026;
    1548 : 0035;
    1549 : 000C;
    1550 : FFEC;
    1551 : FFE6;
    1552 : FFFE;
    1553 : 0000;
    1554 : 0000;
    1555 : 0000;
    1556 : FFF3;
    1557 : FFF1;
    1558 : FFFA;
    1559 : 0005;
    1560 : 0018;
    1561 : 0016;
    1562 : 001A;
    1563 : 0020;
    1564 : 0006;
    1565 : 0005;
    1566 : FFFF;
    1567 : 0000;
    1568 : 0000;  -- W1[8][0]
    1569 : 0000;
    1570 : 0000;
    1571 : 0002;
    1572 : 0000;
    1573 : 0003;
    1574 : 0005;
    1575 : FFF4;
    1576 : FFFB;
    1577 : 0003;
    1578 : 0003;
    1579 : 0001;
    1580 : 0000;
    1581 : 0000;
    1582 : 0000;
    1583 : 0000;
    1584 : 0006;
    1585 : 0016;
    1586 : 0004;
    1587 : 0022;
    1588 : 0002;
    1589 : 0019;
    1590 : 000C;
    1591 : 0011;
    1592 : 002B;
    1593 : 000C;
    1594 : FFFA;
    1595 : 0000;
    1596 : 0000;
    1597 : 0003;
    1598 : 0013;
    1599 : 0032;
    1600 : 0039;
    1601 : 000A;
    1602 : FFF7;
    1603 : FFFE;
    1604 : 0009;
    1605 : FFEA;
    1606 : FFF1;
    1607 : FFF9;
    1608 : 0005;
    1609 : 0005;
    1610 : 0000;
    1611 : 0014;
    1612 : 0026;
    1613 : 0012;
    1614 : 0004;
    1615 : 0029;
    1616 : 0000;
    1617 : 001A;
    1618 : 000D;
    1619 : FFCC;
    1620 : FFDF;
    1621 : FFE7;
    1622 : 0007;
    1623 : 0005;
    1624 : 0001;
    1625 : 0018;
    1626 : 0001;
    1627 : FFE3;
    1628 : 0012;
    1629 : FFF4;
    1630 : FFD8;
    1631 : FFCB;
    1632 : FFF1;
    1633 : 0014;
    1634 : 0022;
    1635 : FFDB;
    1636 : FFF2;
    1637 : FFF5;
    1638 : 0003;
    1639 : 000A;
    1640 : FFD3;
    1641 : 0011;
    1642 : 0011;
    1643 : FFDA;
    1644 : FFF8;
    1645 : FFAB;
    1646 : 0045;
    1647 : 0051;
    1648 : 0071;
    1649 : FFF3;
    1650 : FFB4;
    1651 : FFF7;
    1652 : 0002;
    1653 : 0001;
    1654 : FFD9;
    1655 : 0022;
    1656 : 0031;
    1657 : 0055;
    1658 : FFD8;
    1659 : FFF8;
    1660 : 005F;
    1661 : 002E;
    1662 : 0024;
    1663 : 0033;
    1664 : FFDD;
    1665 : FFE4;
    1666 : 0003;
    1667 : FFEC;
    1668 : 0013;
    1669 : 0030;
    1670 : 0050;
    1671 : 005D;
    1672 : FFF6;
    1673 : FFDB;
    1674 : FFF8;
    1675 : 0048;
    1676 : 005F;
    1677 : 004C;
    1678 : FFD9;
    1679 : FFE4;
    1680 : 0003;
    1681 : FFD6;
    1682 : FFE8;
    1683 : 0033;
    1684 : 006C;
    1685 : 001F;
    1686 : 0011;
    1687 : FFED;
    1688 : 0047;
    1689 : 006F;
    1690 : 0051;
    1691 : FFBE;
    1692 : FFAB;
    1693 : FFE2;
    1694 : 0000;
    1695 : FFF6;
    1696 : FFCD;
    1697 : FFE3;
    1698 : 0011;
    1699 : 0041;
    1700 : 0004;
    1701 : 0027;
    1702 : 0053;
    1703 : 002C;
    1704 : FFF5;
    1705 : FF72;
    1706 : FFA9;
    1707 : FFF7;
    1708 : 0000;
    1709 : FFE1;
    1710 : FF8E;
    1711 : FF47;
    1712 : FFDA;
    1713 : 0008;
    1714 : 0010;
    1715 : 0032;
    1716 : FFF4;
    1717 : FFBB;
    1718 : FF7C;
    1719 : FF5D;
    1720 : FFD1;
    1721 : FFFE;
    1722 : 0000;
    1723 : FFE9;
    1724 : FF9E;
    1725 : FF95;
    1726 : FFA7;
    1727 : FFEC;
    1728 : 0015;
    1729 : 001B;
    1730 : FFDC;
    1731 : FFD1;
    1732 : FFAC;
    1733 : FFA0;
    1734 : FFEA;
    1735 : FFFF;
    1736 : 0000;
    1737 : 0003;
    1738 : 0036;
    1739 : 003B;
    1740 : FFE6;
    1741 : 0019;
    1742 : 0011;
    1743 : 000F;
    1744 : 0015;
    1745 : FFD3;
    1746 : FFF7;
    1747 : FFF0;
    1748 : FFFB;
    1749 : 0000;
    1750 : 0000;
    1751 : 0000;
    1752 : FFFE;
    1753 : 0004;
    1754 : 000E;
    1755 : 000E;
    1756 : 002E;
    1757 : 001F;
    1758 : 000F;
    1759 : 0009;
    1760 : 0007;
    1761 : 0004;
    1762 : 0002;
    1763 : 0000;
    1764 : 0000;  -- W1[9][0]
    1765 : 0000;
    1766 : 0000;
    1767 : 0008;
    1768 : 0004;
    1769 : 0004;
    1770 : 0003;
    1771 : 000C;
    1772 : 000A;
    1773 : 0006;
    1774 : 0006;
    1775 : 0007;
    1776 : 0000;
    1777 : 0000;
    1778 : 0000;
    1779 : 0000;
    1780 : 0005;
    1781 : 0024;
    1782 : 003D;
    1783 : 003D;
    1784 : 005C;
    1785 : 004C;
    1786 : 0042;
    1787 : 001E;
    1788 : 0000;
    1789 : 0007;
    1790 : FFFB;
    1791 : FFFF;
    1792 : 0000;
    1793 : 0001;
    1794 : 002E;
    1795 : 001C;
    1796 : 002F;
    1797 : FFCA;
    1798 : FFE5;
    1799 : FFF9;
    1800 : 0031;
    1801 : 000D;
    1802 : 0044;
    1803 : FFF8;
    1804 : FFDF;
    1805 : 0004;
    1806 : 0005;
    1807 : FFFF;
    1808 : 0034;
    1809 : FFDB;
    1810 : FFCC;
    1811 : FFBC;
    1812 : FFCC;
    1813 : 002C;
    1814 : 0019;
    1815 : FFDC;
    1816 : FFF0;
    1817 : 0025;
    1818 : 0016;
    1819 : 0005;
    1820 : 0003;
    1821 : 000A;
    1822 : 0054;
    1823 : 001C;
    1824 : FFF5;
    1825 : FFE5;
    1826 : FFF6;
    1827 : 0032;
    1828 : 0011;
    1829 : FFCE;
    1830 : FFC6;
    1831 : FFF1;
    1832 : FFBF;
    1833 : 0010;
    1834 : 0002;
    1835 : FFFD;
    1836 : 0029;
    1837 : 000C;
    1838 : FFF6;
    1839 : FF61;
    1840 : FF9D;
    1841 : 003E;
    1842 : FFDD;
    1843 : FFC2;
    1844 : 0017;
    1845 : FFFF;
    1846 : 0014;
    1847 : 0002;
    1848 : FFFE;
    1849 : FFDC;
    1850 : FFA9;
    1851 : FF7C;
    1852 : FF71;
    1853 : FF53;
    1854 : 004D;
    1855 : 0078;
    1856 : FFA4;
    1857 : FFCD;
    1858 : 000A;
    1859 : FFD4;
    1860 : 004D;
    1861 : 0018;
    1862 : 0000;
    1863 : 0001;
    1864 : FF7F;
    1865 : FF78;
    1866 : FF8D;
    1867 : 001A;
    1868 : 00D4;
    1869 : 006B;
    1870 : FFB9;
    1871 : 0001;
    1872 : FFB8;
    1873 : FFE1;
    1874 : 003A;
    1875 : 0010;
    1876 : 0000;
    1877 : 003D;
    1878 : 000B;
    1879 : 0015;
    1880 : 0038;
    1881 : 009B;
    1882 : 00BE;
    1883 : 003A;
    1884 : FFC9;
    1885 : 001B;
    1886 : FFBE;
    1887 : 0042;
    1888 : 008C;
    1889 : 001F;
    1890 : 0000;
    1891 : 0028;
    1892 : 0034;
    1893 : 0000;
    1894 : 004F;
    1895 : 004A;
    1896 : 002F;
    1897 : 000A;
    1898 : 0069;
    1899 : 002F;
    1900 : 0015;
    1901 : 0049;
    1902 : 0065;
    1903 : 0012;
    1904 : FFFF;
    1905 : 003D;
    1906 : 000E;
    1907 : 0064;
    1908 : 0026;
    1909 : 0050;
    1910 : 0022;
    1911 : 0033;
    1912 : 0042;
    1913 : 003D;
    1914 : 004E;
    1915 : 0007;
    1916 : 0011;
    1917 : 0003;
    1918 : 0000;
    1919 : 0001;
    1920 : 0052;
    1921 : 0023;
    1922 : 0007;
    1923 : 001A;
    1924 : 003D;
    1925 : 0041;
    1926 : 002D;
    1927 : 002C;
    1928 : 000D;
    1929 : FFE7;
    1930 : FFE8;
    1931 : FFFF;
    1932 : 0000;
    1933 : FFFD;
    1934 : FFBE;
    1935 : FFB5;
    1936 : FFB5;
    1937 : FFE3;
    1938 : FFC6;
    1939 : FFB6;
    1940 : FF93;
    1941 : FFB5;
    1942 : FFAD;
    1943 : FFAB;
    1944 : FFF9;
    1945 : 0000;
    1946 : 0000;
    1947 : 0000;
    1948 : FFF1;
    1949 : FFDD;
    1950 : FFD8;
    1951 : FFC7;
    1952 : FF62;
    1953 : FF75;
    1954 : FFA1;
    1955 : FFA5;
    1956 : FFC5;
    1957 : FFE5;
    1958 : 0000;
    1959 : 0000;
    1960 : 0000;  -- W1[10][0]
    1961 : 0000;
    1962 : 0000;
    1963 : FFFB;
    1964 : FFFE;
    1965 : 0001;
    1966 : 0006;
    1967 : FFF3;
    1968 : FFF2;
    1969 : FFFF;
    1970 : FFFF;
    1971 : FFFD;
    1972 : 0000;
    1973 : 0000;
    1974 : 0000;
    1975 : 0000;
    1976 : 0001;
    1977 : FFF6;
    1978 : FFD0;
    1979 : FFE5;
    1980 : FFC6;
    1981 : FFD4;
    1982 : FFE0;
    1983 : FFF3;
    1984 : 000F;
    1985 : 0001;
    1986 : FFED;
    1987 : FFFF;
    1988 : 0000;
    1989 : 0005;
    1990 : 0013;
    1991 : 003C;
    1992 : 003C;
    1993 : 0008;
    1994 : 0045;
    1995 : 0050;
    1996 : 0030;
    1997 : 0008;
    1998 : 000B;
    1999 : FFFC;
    2000 : 0010;
    2001 : 0006;
    2002 : FFFF;
    2003 : 000E;
    2004 : 0025;
    2005 : 002E;
    2006 : 0004;
    2007 : 0014;
    2008 : 0017;
    2009 : 0016;
    2010 : 0052;
    2011 : 0046;
    2012 : 0020;
    2013 : 003A;
    2014 : FFF1;
    2015 : 0003;
    2016 : FFFE;
    2017 : 0012;
    2018 : 0021;
    2019 : 0010;
    2020 : 0008;
    2021 : FFCB;
    2022 : 0015;
    2023 : 0000;
    2024 : 003F;
    2025 : 0073;
    2026 : 0082;
    2027 : 0040;
    2028 : 0004;
    2029 : FFF2;
    2030 : 0000;
    2031 : FFF5;
    2032 : FFE7;
    2033 : FFEF;
    2034 : 003E;
    2035 : 001D;
    2036 : 002F;
    2037 : FFA5;
    2038 : FFE5;
    2039 : 0053;
    2040 : 001E;
    2041 : 001D;
    2042 : FF8C;
    2043 : FFE5;
    2044 : 0004;
    2045 : FFF2;
    2046 : 0012;
    2047 : 0061;
    2048 : 006F;
    2049 : 008E;
    2050 : FFF7;
    2051 : FFFE;
    2052 : 004B;
    2053 : 0048;
    2054 : 0043;
    2055 : 0076;
    2056 : 000A;
    2057 : FFB6;
    2058 : 0003;
    2059 : FFF0;
    2060 : 0049;
    2061 : 0060;
    2062 : 0074;
    2063 : 0050;
    2064 : FFDA;
    2065 : 0007;
    2066 : 0068;
    2067 : 0047;
    2068 : 0021;
    2069 : 0033;
    2070 : FFB8;
    2071 : FFD9;
    2072 : 0003;
    2073 : FFC7;
    2074 : FFEC;
    2075 : 004D;
    2076 : 00A4;
    2077 : 0037;
    2078 : 0016;
    2079 : 0030;
    2080 : 005F;
    2081 : 001C;
    2082 : 0018;
    2083 : 0024;
    2084 : FFB0;
    2085 : FFC2;
    2086 : 0000;
    2087 : FFF0;
    2088 : 000B;
    2089 : 0012;
    2090 : 0000;
    2091 : 0021;
    2092 : FFD7;
    2093 : 0021;
    2094 : 0024;
    2095 : 0024;
    2096 : 0021;
    2097 : FFD6;
    2098 : FF88;
    2099 : FFE8;
    2100 : 0001;
    2101 : FFCF;
    2102 : FFDE;
    2103 : FFF5;
    2104 : 0000;
    2105 : FFEC;
    2106 : FFC0;
    2107 : 0004;
    2108 : 0021;
    2109 : FFE3;
    2110 : FFE9;
    2111 : FFBD;
    2112 : FFA0;
    2113 : FFFC;
    2114 : 0000;
    2115 : FFE8;
    2116 : FFA7;
    2117 : FFED;
    2118 : FFE8;
    2119 : 0008;
    2120 : 004A;
    2121 : 004B;
    2122 : 0071;
    2123 : 000B;
    2124 : FFEE;
    2125 : FFBB;
    2126 : FFCF;
    2127 : FFFE;
    2128 : 0000;
    2129 : 0007;
    2130 : 0026;
    2131 : FFFE;
    2132 : 0003;
    2133 : 0030;
    2134 : 0028;
    2135 : 003E;
    2136 : 002C;
    2137 : 0000;
    2138 : FFFD;
    2139 : FFCE;
    2140 : FFEC;
    2141 : 0000;
    2142 : 0000;
    2143 : 0000;
    2144 : 0000;
    2145 : FFFC;
    2146 : 0004;
    2147 : FFDF;
    2148 : FFD9;
    2149 : FFD2;
    2150 : FFDD;
    2151 : FFE0;
    2152 : FFEE;
    2153 : 0000;
    2154 : 0002;
    2155 : 0000;
    2156 : 0000;  -- W1[11][0]
    2157 : 0000;
    2158 : 0000;
    2159 : 0000;
    2160 : 0000;
    2161 : 0000;
    2162 : 0000;
    2163 : FFFF;
    2164 : 0001;
    2165 : 0000;
    2166 : 0000;
    2167 : 0000;
    2168 : 0000;
    2169 : 0000;
    2170 : 0000;
    2171 : 0000;
    2172 : FFFD;
    2173 : FFFD;
    2174 : FFFD;
    2175 : 0010;
    2176 : 0009;
    2177 : 0024;
    2178 : 002B;
    2179 : 001F;
    2180 : 001C;
    2181 : 0012;
    2182 : 0004;
    2183 : 0000;
    2184 : 0000;
    2185 : FFFD;
    2186 : FFCA;
    2187 : FFAD;
    2188 : FFC8;
    2189 : 0011;
    2190 : 001D;
    2191 : 0070;
    2192 : 008C;
    2193 : 00B4;
    2194 : 008E;
    2195 : 0051;
    2196 : 0024;
    2197 : 0007;
    2198 : FFFD;
    2199 : FFF4;
    2200 : FFCE;
    2201 : FF99;
    2202 : FFC0;
    2203 : 0003;
    2204 : FFE0;
    2205 : 002F;
    2206 : 0030;
    2207 : 0047;
    2208 : 0040;
    2209 : 0035;
    2210 : 0050;
    2211 : 0007;
    2212 : FFFA;
    2213 : FFFB;
    2214 : FFC2;
    2215 : FFED;
    2216 : FFFB;
    2217 : 0013;
    2218 : 0039;
    2219 : FFD7;
    2220 : FFF0;
    2221 : FFD2;
    2222 : 000E;
    2223 : FFF3;
    2224 : 005A;
    2225 : FFFC;
    2226 : FFFA;
    2227 : FFA9;
    2228 : FFDA;
    2229 : 000A;
    2230 : 001C;
    2231 : 0019;
    2232 : 0017;
    2233 : FFCA;
    2234 : FFE5;
    2235 : FFE0;
    2236 : FFC9;
    2237 : FFE1;
    2238 : 0045;
    2239 : FFF7;
    2240 : FFFA;
    2241 : FFC7;
    2242 : 0018;
    2243 : 0038;
    2244 : 001C;
    2245 : 002F;
    2246 : 0088;
    2247 : FFE9;
    2248 : FFC6;
    2249 : 0015;
    2250 : FFF7;
    2251 : FFC8;
    2252 : FFF6;
    2253 : FFEF;
    2254 : FFFD;
    2255 : FFBC;
    2256 : FFC9;
    2257 : 0002;
    2258 : 001E;
    2259 : 0086;
    2260 : 004E;
    2261 : FFF3;
    2262 : FFDA;
    2263 : FFC2;
    2264 : FFB4;
    2265 : FFAC;
    2266 : FFE5;
    2267 : 0000;
    2268 : FFFD;
    2269 : FFE8;
    2270 : FFAB;
    2271 : FFD3;
    2272 : FFF4;
    2273 : 004E;
    2274 : 000A;
    2275 : FFD1;
    2276 : FFF8;
    2277 : FFCE;
    2278 : FFD1;
    2279 : FFD4;
    2280 : FFF5;
    2281 : FFF8;
    2282 : FFFF;
    2283 : 000C;
    2284 : 0002;
    2285 : 0001;
    2286 : FFDB;
    2287 : FFF4;
    2288 : FFA7;
    2289 : FFF6;
    2290 : 0004;
    2291 : FFF2;
    2292 : FFFD;
    2293 : 001C;
    2294 : FFFC;
    2295 : FFF6;
    2296 : 0000;
    2297 : 002D;
    2298 : 0053;
    2299 : 0072;
    2300 : 005D;
    2301 : 004B;
    2302 : 0010;
    2303 : 004C;
    2304 : 005F;
    2305 : 0069;
    2306 : 003F;
    2307 : 005D;
    2308 : 0003;
    2309 : FFFF;
    2310 : 0000;
    2311 : 0030;
    2312 : 002D;
    2313 : 003B;
    2314 : 0067;
    2315 : 006F;
    2316 : 0076;
    2317 : 0076;
    2318 : 006C;
    2319 : 0056;
    2320 : 003F;
    2321 : 0070;
    2322 : 0017;
    2323 : 0000;
    2324 : 0000;
    2325 : 000B;
    2326 : FFB4;
    2327 : FFC9;
    2328 : 0028;
    2329 : 0034;
    2330 : 0014;
    2331 : FFE8;
    2332 : FFED;
    2333 : 0007;
    2334 : FFE7;
    2335 : 000E;
    2336 : 000B;
    2337 : 0000;
    2338 : 0000;
    2339 : 0000;
    2340 : 0007;
    2341 : FFEB;
    2342 : FFCF;
    2343 : FFDA;
    2344 : FFEC;
    2345 : FFCF;
    2346 : FFD0;
    2347 : FFCE;
    2348 : FFD0;
    2349 : FFEE;
    2350 : FFFF;
    2351 : 0000;
    2352 : 0000;  -- W1[12][0]
    2353 : 0000;
    2354 : 0000;
    2355 : 0000;
    2356 : 0000;
    2357 : 0000;
    2358 : 0000;
    2359 : FFFE;
    2360 : FFF8;
    2361 : FFFE;
    2362 : FFFE;
    2363 : FFFE;
    2364 : 0000;
    2365 : 0000;
    2366 : 0000;
    2367 : 0000;
    2368 : 0000;
    2369 : FFFE;
    2370 : FFFA;
    2371 : FFE9;
    2372 : FFE0;
    2373 : FFB6;
    2374 : FFCF;
    2375 : FFE7;
    2376 : FFE7;
    2377 : 0019;
    2378 : FFF9;
    2379 : FFFF;
    2380 : 0000;
    2381 : FFFE;
    2382 : FFFE;
    2383 : FFDC;
    2384 : FFB7;
    2385 : FFF9;
    2386 : FFFE;
    2387 : 0000;
    2388 : 0014;
    2389 : FFED;
    2390 : FFEC;
    2391 : FFE7;
    2392 : 0028;
    2393 : 0006;
    2394 : FFFD;
    2395 : FFF6;
    2396 : FFE1;
    2397 : FFE2;
    2398 : FFEA;
    2399 : 0016;
    2400 : 0022;
    2401 : FFE8;
    2402 : FFFE;
    2403 : 0011;
    2404 : 000D;
    2405 : 003A;
    2406 : 002D;
    2407 : 0003;
    2408 : FFFC;
    2409 : FFE9;
    2410 : FFC5;
    2411 : FFC6;
    2412 : FFD8;
    2413 : FFE6;
    2414 : 004F;
    2415 : FFE0;
    2416 : FFC9;
    2417 : 0030;
    2418 : 002B;
    2419 : 0046;
    2420 : 0090;
    2421 : 0015;
    2422 : FFFD;
    2423 : FFEE;
    2424 : FFBD;
    2425 : FFC7;
    2426 : FFE2;
    2427 : 0013;
    2428 : 0079;
    2429 : 003E;
    2430 : FFE7;
    2431 : FFFE;
    2432 : FFFF;
    2433 : 0033;
    2434 : 0037;
    2435 : FFF8;
    2436 : 0000;
    2437 : FFFA;
    2438 : FFA7;
    2439 : FFD3;
    2440 : FFE3;
    2441 : 002C;
    2442 : 003E;
    2443 : 0049;
    2444 : 001A;
    2445 : 0009;
    2446 : 0048;
    2447 : 0064;
    2448 : 001E;
    2449 : FFD9;
    2450 : 0000;
    2451 : FFF7;
    2452 : FF9C;
    2453 : FF6B;
    2454 : FFC7;
    2455 : 002D;
    2456 : 0066;
    2457 : 002B;
    2458 : 0014;
    2459 : FFF1;
    2460 : FFC6;
    2461 : FFD5;
    2462 : FFD1;
    2463 : FFEE;
    2464 : 0000;
    2465 : FFE5;
    2466 : FF6C;
    2467 : FFDC;
    2468 : 0062;
    2469 : 003A;
    2470 : 0039;
    2471 : FFF4;
    2472 : FFD7;
    2473 : FFA3;
    2474 : FFD7;
    2475 : 0006;
    2476 : FFF6;
    2477 : FFEC;
    2478 : 0000;
    2479 : FFB9;
    2480 : FF59;
    2481 : FFFB;
    2482 : 006F;
    2483 : 006F;
    2484 : 000E;
    2485 : FF5A;
    2486 : FFAA;
    2487 : FFAB;
    2488 : FFF9;
    2489 : FFEA;
    2490 : 0011;
    2491 : FFFB;
    2492 : 0000;
    2493 : FFB1;
    2494 : FF7B;
    2495 : FFE3;
    2496 : 001D;
    2497 : 005D;
    2498 : FFDA;
    2499 : FF96;
    2500 : FF88;
    2501 : FF9F;
    2502 : FFC6;
    2503 : FFDE;
    2504 : FFFA;
    2505 : FFFE;
    2506 : 0000;
    2507 : FFDA;
    2508 : FF9B;
    2509 : 000B;
    2510 : 000C;
    2511 : 0029;
    2512 : 0066;
    2513 : FFF0;
    2514 : FFCE;
    2515 : FFB5;
    2516 : FF9C;
    2517 : FFBE;
    2518 : FFFE;
    2519 : FFFE;
    2520 : 0000;
    2521 : FFF1;
    2522 : FFBB;
    2523 : FFAD;
    2524 : 000C;
    2525 : 0030;
    2526 : 0030;
    2527 : 000D;
    2528 : FFD3;
    2529 : FFFC;
    2530 : FFEF;
    2531 : FFF8;
    2532 : FFFF;
    2533 : 0000;
    2534 : 0000;
    2535 : 0000;
    2536 : FFF7;
    2537 : FFE5;
    2538 : FFE5;
    2539 : FFBE;
    2540 : FFC9;
    2541 : FFCA;
    2542 : FFE0;
    2543 : FFFD;
    2544 : 0007;
    2545 : 0002;
    2546 : 0000;
    2547 : 0000;
    2548 : 0000;  -- W1[13][0]
    2549 : 0000;
    2550 : 0000;
    2551 : 0000;
    2552 : 0000;
    2553 : 0000;
    2554 : FFFD;
    2555 : FFFA;
    2556 : FFFF;
    2557 : 0000;
    2558 : 0000;
    2559 : 0000;
    2560 : 0000;
    2561 : 0000;
    2562 : 0000;
    2563 : 0000;
    2564 : 0000;
    2565 : 0001;
    2566 : 0021;
    2567 : 001E;
    2568 : FFEA;
    2569 : FFC4;
    2570 : FFBD;
    2571 : 0025;
    2572 : 0010;
    2573 : 001D;
    2574 : 0016;
    2575 : 0004;
    2576 : 0000;
    2577 : FFFD;
    2578 : FFD6;
    2579 : FFCF;
    2580 : FFFB;
    2581 : FFFB;
    2582 : 0006;
    2583 : FFDD;
    2584 : 0009;
    2585 : 000A;
    2586 : FFFE;
    2587 : 0029;
    2588 : 0035;
    2589 : 0000;
    2590 : 0004;
    2591 : 0016;
    2592 : 0007;
    2593 : 0013;
    2594 : 003D;
    2595 : 0044;
    2596 : 0033;
    2597 : FFED;
    2598 : 000D;
    2599 : 0026;
    2600 : 0057;
    2601 : 0047;
    2602 : 0066;
    2603 : 0018;
    2604 : 0003;
    2605 : 0041;
    2606 : 004E;
    2607 : 0044;
    2608 : 0070;
    2609 : 0085;
    2610 : 0088;
    2611 : 0072;
    2612 : 0064;
    2613 : 005F;
    2614 : 0080;
    2615 : 003E;
    2616 : 003E;
    2617 : 0013;
    2618 : 0001;
    2619 : 0006;
    2620 : 005B;
    2621 : 0036;
    2622 : 002A;
    2623 : 0011;
    2624 : 002E;
    2625 : FFC5;
    2626 : FFCB;
    2627 : FFD8;
    2628 : FFAA;
    2629 : FFBA;
    2630 : FFC4;
    2631 : 0008;
    2632 : 0000;
    2633 : FFD5;
    2634 : 0006;
    2635 : FFE2;
    2636 : FFBC;
    2637 : FFB1;
    2638 : FF46;
    2639 : FF78;
    2640 : FFB6;
    2641 : FFA0;
    2642 : FF4B;
    2643 : FEFD;
    2644 : FF56;
    2645 : 0001;
    2646 : FFFD;
    2647 : FFB1;
    2648 : FF48;
    2649 : FF77;
    2650 : FFA9;
    2651 : FF93;
    2652 : FFD1;
    2653 : FFD1;
    2654 : FFB7;
    2655 : FFA8;
    2656 : FFA1;
    2657 : FF76;
    2658 : FFB8;
    2659 : 000D;
    2660 : FFFD;
    2661 : FFD0;
    2662 : FF05;
    2663 : FF1F;
    2664 : FFB6;
    2665 : 0001;
    2666 : 0034;
    2667 : FFD4;
    2668 : FFF1;
    2669 : FFFA;
    2670 : 0024;
    2671 : FFE0;
    2672 : 0030;
    2673 : 0018;
    2674 : 0000;
    2675 : 0009;
    2676 : 0026;
    2677 : 0025;
    2678 : 001A;
    2679 : 0009;
    2680 : 003F;
    2681 : 0001;
    2682 : FFFA;
    2683 : FFEF;
    2684 : 000E;
    2685 : FFEE;
    2686 : 0008;
    2687 : 0012;
    2688 : 0000;
    2689 : 002F;
    2690 : 0066;
    2691 : 002C;
    2692 : 0054;
    2693 : 0049;
    2694 : 005F;
    2695 : 0047;
    2696 : 0026;
    2697 : 0008;
    2698 : FFFD;
    2699 : 002B;
    2700 : 0012;
    2701 : 0002;
    2702 : 0000;
    2703 : 0005;
    2704 : 0047;
    2705 : 0009;
    2706 : 000A;
    2707 : 0018;
    2708 : 001F;
    2709 : 002D;
    2710 : 000D;
    2711 : 0016;
    2712 : 0009;
    2713 : 003C;
    2714 : 0010;
    2715 : 0000;
    2716 : 0000;
    2717 : FFFC;
    2718 : 0010;
    2719 : 0018;
    2720 : 002D;
    2721 : 003C;
    2722 : 0049;
    2723 : 004A;
    2724 : 0063;
    2725 : 0078;
    2726 : 0029;
    2727 : 0012;
    2728 : 0011;
    2729 : 0000;
    2730 : 0000;
    2731 : 0000;
    2732 : FFF0;
    2733 : 0001;
    2734 : FFE5;
    2735 : FFF3;
    2736 : FFEA;
    2737 : 0017;
    2738 : 000A;
    2739 : 000A;
    2740 : FFE6;
    2741 : FFED;
    2742 : 0000;
    2743 : 0000;
    2744 : 0000;  -- W1[14][0]
    2745 : 0000;
    2746 : 0000;
    2747 : FFFC;
    2748 : FFFE;
    2749 : FFFD;
    2750 : FFFD;
    2751 : 0000;
    2752 : FFF5;
    2753 : FFFC;
    2754 : FFFC;
    2755 : FFFD;
    2756 : 0000;
    2757 : 0000;
    2758 : 0000;
    2759 : 0000;
    2760 : 0000;
    2761 : FFF8;
    2762 : FFEE;
    2763 : FFF7;
    2764 : FFEF;
    2765 : 0029;
    2766 : FFFC;
    2767 : FFCA;
    2768 : FFE4;
    2769 : FFF7;
    2770 : FFF3;
    2771 : FFFF;
    2772 : 0000;
    2773 : FFFB;
    2774 : FFFB;
    2775 : 0014;
    2776 : 003C;
    2777 : 0024;
    2778 : 0028;
    2779 : 0043;
    2780 : 0036;
    2781 : 000B;
    2782 : 003A;
    2783 : 004C;
    2784 : 000D;
    2785 : FFFD;
    2786 : 0002;
    2787 : FFF3;
    2788 : 0057;
    2789 : 003D;
    2790 : FFE7;
    2791 : FFFC;
    2792 : FFC0;
    2793 : FF98;
    2794 : FF94;
    2795 : FFB1;
    2796 : FFC7;
    2797 : 002E;
    2798 : FFFB;
    2799 : 0007;
    2800 : 0002;
    2801 : FFED;
    2802 : 0018;
    2803 : 0000;
    2804 : 000F;
    2805 : FFED;
    2806 : FFC2;
    2807 : FF97;
    2808 : FFF6;
    2809 : FFC2;
    2810 : FFEA;
    2811 : FFC0;
    2812 : FFB4;
    2813 : FFF4;
    2814 : FFFF;
    2815 : FFBB;
    2816 : FFEA;
    2817 : FFF2;
    2818 : 000D;
    2819 : FFE4;
    2820 : FFB0;
    2821 : FFD7;
    2822 : 0026;
    2823 : FFF5;
    2824 : FFB2;
    2825 : FFB9;
    2826 : FFAB;
    2827 : FFF0;
    2828 : 0001;
    2829 : FFC8;
    2830 : FFA1;
    2831 : FFDB;
    2832 : 0009;
    2833 : 004A;
    2834 : 002A;
    2835 : FFFF;
    2836 : 0002;
    2837 : FFED;
    2838 : 0021;
    2839 : 002F;
    2840 : 005F;
    2841 : 0007;
    2842 : FFFD;
    2843 : 0003;
    2844 : FFFD;
    2845 : 0052;
    2846 : 001D;
    2847 : 0020;
    2848 : 004B;
    2849 : 003F;
    2850 : 002D;
    2851 : FFF6;
    2852 : 002E;
    2853 : 004C;
    2854 : 004B;
    2855 : 0021;
    2856 : FFFD;
    2857 : 0014;
    2858 : 0021;
    2859 : 0018;
    2860 : 0035;
    2861 : 0001;
    2862 : 0044;
    2863 : 0048;
    2864 : 002D;
    2865 : 000C;
    2866 : 0045;
    2867 : 003B;
    2868 : 007B;
    2869 : 0020;
    2870 : 0000;
    2871 : 000B;
    2872 : 001A;
    2873 : 0019;
    2874 : FFE9;
    2875 : FFDA;
    2876 : 0052;
    2877 : 0036;
    2878 : 0056;
    2879 : FFE9;
    2880 : 000F;
    2881 : 0016;
    2882 : 0045;
    2883 : 0019;
    2884 : 0000;
    2885 : 003A;
    2886 : FFED;
    2887 : FFF3;
    2888 : FFEF;
    2889 : 0020;
    2890 : 0015;
    2891 : 0025;
    2892 : 002D;
    2893 : 001B;
    2894 : 0042;
    2895 : 003F;
    2896 : FFE7;
    2897 : 0006;
    2898 : 0000;
    2899 : 0005;
    2900 : FFF3;
    2901 : FFF1;
    2902 : 000E;
    2903 : 001E;
    2904 : FFFF;
    2905 : 0002;
    2906 : FFE5;
    2907 : 0040;
    2908 : 0057;
    2909 : 000E;
    2910 : FFEF;
    2911 : FFFF;
    2912 : 0000;
    2913 : FFF1;
    2914 : FFAB;
    2915 : FF7F;
    2916 : FF69;
    2917 : FFA3;
    2918 : FFAA;
    2919 : FFCB;
    2920 : FFA6;
    2921 : FF60;
    2922 : FF9B;
    2923 : FFD5;
    2924 : 0000;
    2925 : 0000;
    2926 : 0000;
    2927 : 0000;
    2928 : FFF1;
    2929 : FFCD;
    2930 : FF91;
    2931 : FF6C;
    2932 : FF38;
    2933 : FF24;
    2934 : FF4C;
    2935 : FF4B;
    2936 : FF94;
    2937 : FFEB;
    2938 : FFFF;
    2939 : 0000;
    2940 : 0000;  -- W1[15][0]
    2941 : 0000;
    2942 : 0000;
    2943 : 0004;
    2944 : 0002;
    2945 : 0005;
    2946 : 000B;
    2947 : FFFB;
    2948 : FFFE;
    2949 : 0007;
    2950 : 0006;
    2951 : 0003;
    2952 : 0000;
    2953 : 0000;
    2954 : 0000;
    2955 : 0000;
    2956 : FFFD;
    2957 : 000C;
    2958 : 0011;
    2959 : 0039;
    2960 : 0035;
    2961 : FFF7;
    2962 : FFE4;
    2963 : FFFB;
    2964 : 0031;
    2965 : 0023;
    2966 : 0000;
    2967 : 0000;
    2968 : 0000;
    2969 : FFFA;
    2970 : FFB4;
    2971 : FFDD;
    2972 : 001B;
    2973 : 0022;
    2974 : 0010;
    2975 : 0010;
    2976 : FFC0;
    2977 : FFAE;
    2978 : 0036;
    2979 : 0045;
    2980 : 004B;
    2981 : 000B;
    2982 : 0000;
    2983 : FFE5;
    2984 : FFDA;
    2985 : FFD3;
    2986 : 004B;
    2987 : 0049;
    2988 : FFFA;
    2989 : FFCA;
    2990 : 0012;
    2991 : FFD6;
    2992 : 0000;
    2993 : 0039;
    2994 : 004F;
    2995 : 000C;
    2996 : 0000;
    2997 : FFF8;
    2998 : FFD4;
    2999 : 0018;
    3000 : 0049;
    3001 : 0030;
    3002 : FF56;
    3003 : FF51;
    3004 : 001F;
    3005 : FFE3;
    3006 : FFF9;
    3007 : FFE1;
    3008 : 008A;
    3009 : 0008;
    3010 : FFFE;
    3011 : FFD9;
    3012 : 0007;
    3013 : 0036;
    3014 : 00C5;
    3015 : 0080;
    3016 : FF98;
    3017 : FF81;
    3018 : FFE3;
    3019 : 0004;
    3020 : FFFD;
    3021 : 003A;
    3022 : 0070;
    3023 : 0000;
    3024 : 0002;
    3025 : FFFF;
    3026 : 0009;
    3027 : 009B;
    3028 : 008C;
    3029 : 008C;
    3030 : 0039;
    3031 : FFA9;
    3032 : FFF0;
    3033 : FFCB;
    3034 : FFFF;
    3035 : 0018;
    3036 : 003D;
    3037 : FFCE;
    3038 : 0001;
    3039 : FFE0;
    3040 : 0012;
    3041 : 0060;
    3042 : 0040;
    3043 : 0057;
    3044 : 002B;
    3045 : 000B;
    3046 : FFF6;
    3047 : FFFE;
    3048 : FFBF;
    3049 : 002C;
    3050 : FFF6;
    3051 : FFD6;
    3052 : 0000;
    3053 : FFDD;
    3054 : FFDF;
    3055 : 0033;
    3056 : 000B;
    3057 : FFE8;
    3058 : 0033;
    3059 : 0018;
    3060 : FFFF;
    3061 : FFF7;
    3062 : FFD2;
    3063 : FFDC;
    3064 : FFF7;
    3065 : FFD5;
    3066 : 0000;
    3067 : FFEB;
    3068 : FFC5;
    3069 : FFBC;
    3070 : FFC7;
    3071 : 0044;
    3072 : 00A0;
    3073 : 0000;
    3074 : FFAE;
    3075 : 000A;
    3076 : FFE2;
    3077 : FFFE;
    3078 : FFF1;
    3079 : FFEB;
    3080 : 0000;
    3081 : FFFC;
    3082 : FFD4;
    3083 : FFC6;
    3084 : FFB7;
    3085 : 003B;
    3086 : 005B;
    3087 : 0007;
    3088 : FFC9;
    3089 : FFEC;
    3090 : 000E;
    3091 : 0014;
    3092 : FFD5;
    3093 : FFFF;
    3094 : 0000;
    3095 : 0000;
    3096 : FFE3;
    3097 : FFB4;
    3098 : FFB1;
    3099 : FFD3;
    3100 : 0002;
    3101 : 006F;
    3102 : 0031;
    3103 : 0017;
    3104 : FFFD;
    3105 : FFF1;
    3106 : FFEA;
    3107 : 0006;
    3108 : 0000;
    3109 : 0003;
    3110 : 0007;
    3111 : FFC4;
    3112 : FFA6;
    3113 : FFFA;
    3114 : 0013;
    3115 : 0038;
    3116 : FFFB;
    3117 : 0001;
    3118 : FFE2;
    3119 : FFF7;
    3120 : FFFA;
    3121 : 0000;
    3122 : 0000;
    3123 : 0000;
    3124 : FFF7;
    3125 : FFDC;
    3126 : FFBE;
    3127 : FFBD;
    3128 : FFC9;
    3129 : FF97;
    3130 : FFC8;
    3131 : FFD1;
    3132 : FFE9;
    3133 : FFFB;
    3134 : FFFF;
    3135 : 0000;
    3136 : 0000;  -- W1[16][0]
    3137 : 0000;
    3138 : 0000;
    3139 : FFF6;
    3140 : FFFD;
    3141 : FFF7;
    3142 : FFEF;
    3143 : 0001;
    3144 : FFFC;
    3145 : FFF0;
    3146 : FFF1;
    3147 : FFF7;
    3148 : 0000;
    3149 : 0000;
    3150 : 0000;
    3151 : 0000;
    3152 : FFFD;
    3153 : FFC6;
    3154 : FFAF;
    3155 : FFA5;
    3156 : FFAC;
    3157 : FFC1;
    3158 : FFC8;
    3159 : FFA9;
    3160 : FF86;
    3161 : FFA2;
    3162 : FFE6;
    3163 : FFFE;
    3164 : 0000;
    3165 : FFFC;
    3166 : 0004;
    3167 : FFA8;
    3168 : FFAD;
    3169 : FFB4;
    3170 : FFB0;
    3171 : FFA9;
    3172 : FFE4;
    3173 : FFA7;
    3174 : FFB0;
    3175 : FFB9;
    3176 : FFD4;
    3177 : FFEB;
    3178 : 0000;
    3179 : FFFA;
    3180 : FFF5;
    3181 : FFD0;
    3182 : FFAD;
    3183 : FFC1;
    3184 : FF9F;
    3185 : FF7B;
    3186 : FFC7;
    3187 : FFB4;
    3188 : FFEC;
    3189 : 003D;
    3190 : 0036;
    3191 : 0011;
    3192 : FFFF;
    3193 : FFF7;
    3194 : FF93;
    3195 : FFA9;
    3196 : FFCA;
    3197 : FFD4;
    3198 : FFE7;
    3199 : FFE1;
    3200 : 006E;
    3201 : 005D;
    3202 : 0051;
    3203 : 0032;
    3204 : 009B;
    3205 : 0011;
    3206 : FFFF;
    3207 : FFDF;
    3208 : FF61;
    3209 : FFDD;
    3210 : FFFA;
    3211 : 0026;
    3212 : 0048;
    3213 : 0039;
    3214 : 0054;
    3215 : 002A;
    3216 : 0016;
    3217 : 0010;
    3218 : 00C1;
    3219 : 0036;
    3220 : 0000;
    3221 : FFBC;
    3222 : FF5B;
    3223 : 0001;
    3224 : 006D;
    3225 : 0050;
    3226 : 004C;
    3227 : 0025;
    3228 : FFF2;
    3229 : FFC0;
    3230 : FF89;
    3231 : FF91;
    3232 : FFE7;
    3233 : 004C;
    3234 : 0000;
    3235 : FFF6;
    3236 : 0030;
    3237 : 003D;
    3238 : 006F;
    3239 : 003C;
    3240 : 002A;
    3241 : 000A;
    3242 : 0066;
    3243 : FFEE;
    3244 : FFD0;
    3245 : FFF0;
    3246 : 002C;
    3247 : 000F;
    3248 : 0000;
    3249 : 0011;
    3250 : 002D;
    3251 : 005B;
    3252 : 0069;
    3253 : 002D;
    3254 : 0050;
    3255 : 002E;
    3256 : 0030;
    3257 : FFFF;
    3258 : 0010;
    3259 : 000E;
    3260 : 0005;
    3261 : 001A;
    3262 : 0000;
    3263 : 000C;
    3264 : 000E;
    3265 : 0042;
    3266 : 004D;
    3267 : 0065;
    3268 : 0038;
    3269 : 0018;
    3270 : FFE6;
    3271 : FFFB;
    3272 : FFEA;
    3273 : FFF6;
    3274 : 002B;
    3275 : 0011;
    3276 : 0000;
    3277 : 0017;
    3278 : FFDE;
    3279 : FF99;
    3280 : FFBF;
    3281 : FFC3;
    3282 : FF82;
    3283 : FF87;
    3284 : FFC3;
    3285 : FFE3;
    3286 : FFEF;
    3287 : FFE2;
    3288 : 003D;
    3289 : 0009;
    3290 : 0000;
    3291 : 0006;
    3292 : FFF2;
    3293 : FFB6;
    3294 : FFAD;
    3295 : FFB6;
    3296 : FFA4;
    3297 : FFAF;
    3298 : FFE4;
    3299 : FFF5;
    3300 : 0007;
    3301 : FFEE;
    3302 : 0053;
    3303 : 000D;
    3304 : 0000;
    3305 : FFFA;
    3306 : FFCA;
    3307 : FF5C;
    3308 : FFAD;
    3309 : FFB8;
    3310 : FFFE;
    3311 : FFF8;
    3312 : FFE4;
    3313 : FFCE;
    3314 : FFF2;
    3315 : 0021;
    3316 : 0011;
    3317 : 0000;
    3318 : 0000;
    3319 : 0000;
    3320 : FFF7;
    3321 : FFD7;
    3322 : FF9D;
    3323 : FFBA;
    3324 : FFB2;
    3325 : FF91;
    3326 : FFA7;
    3327 : FF99;
    3328 : FFC9;
    3329 : FFF0;
    3330 : FFFF;
    3331 : 0000;
    3332 : 0000;  -- W1[17][0]
    3333 : 0000;
    3334 : 0000;
    3335 : 0004;
    3336 : 0001;
    3337 : FFFF;
    3338 : FFFC;
    3339 : FFFB;
    3340 : FFF4;
    3341 : 0001;
    3342 : 0001;
    3343 : 0001;
    3344 : 0000;
    3345 : 0000;
    3346 : 0000;
    3347 : FFFE;
    3348 : 0007;
    3349 : 001F;
    3350 : 0035;
    3351 : 0050;
    3352 : 0037;
    3353 : 000A;
    3354 : FFE7;
    3355 : FFFE;
    3356 : 0005;
    3357 : 0002;
    3358 : FFF7;
    3359 : 0000;
    3360 : 0000;
    3361 : FFFB;
    3362 : FFFF;
    3363 : 000F;
    3364 : 0022;
    3365 : 000E;
    3366 : FFF6;
    3367 : 0003;
    3368 : 0002;
    3369 : FFDE;
    3370 : FFF0;
    3371 : FFF7;
    3372 : FFF9;
    3373 : FFFB;
    3374 : FFFF;
    3375 : FFF8;
    3376 : FFCF;
    3377 : FFB0;
    3378 : FFD6;
    3379 : FFAA;
    3380 : FFA5;
    3381 : 0003;
    3382 : 0019;
    3383 : FFF5;
    3384 : FFF8;
    3385 : FFF9;
    3386 : FFF0;
    3387 : 000A;
    3388 : 0000;
    3389 : FFFA;
    3390 : FF92;
    3391 : FF65;
    3392 : FF91;
    3393 : FFD7;
    3394 : 001E;
    3395 : FFE6;
    3396 : FFC2;
    3397 : FFFF;
    3398 : FFF8;
    3399 : FF8E;
    3400 : FFC0;
    3401 : FFF3;
    3402 : 0000;
    3403 : FFCE;
    3404 : FFD2;
    3405 : FFF8;
    3406 : FFFC;
    3407 : 0004;
    3408 : FFD2;
    3409 : FF4D;
    3410 : FF81;
    3411 : FF9A;
    3412 : FFCA;
    3413 : FF5B;
    3414 : FF5E;
    3415 : FFE9;
    3416 : 0000;
    3417 : FFB6;
    3418 : FFBE;
    3419 : 0050;
    3420 : 0023;
    3421 : 003D;
    3422 : FFEC;
    3423 : 0024;
    3424 : 0019;
    3425 : 0006;
    3426 : 0014;
    3427 : FFF1;
    3428 : FFCD;
    3429 : FFFD;
    3430 : FFFC;
    3431 : 0026;
    3432 : 0033;
    3433 : 0077;
    3434 : 0068;
    3435 : 003C;
    3436 : 0045;
    3437 : 0066;
    3438 : 0077;
    3439 : 0026;
    3440 : 001B;
    3441 : FFEF;
    3442 : 0008;
    3443 : 002B;
    3444 : FFFD;
    3445 : 0012;
    3446 : 0019;
    3447 : 0078;
    3448 : 0065;
    3449 : 0051;
    3450 : 0016;
    3451 : 0064;
    3452 : 0061;
    3453 : 0017;
    3454 : 002C;
    3455 : FFFB;
    3456 : 0018;
    3457 : 002C;
    3458 : 0000;
    3459 : 0013;
    3460 : 001E;
    3461 : 002C;
    3462 : 0009;
    3463 : 0009;
    3464 : FFFA;
    3465 : 0062;
    3466 : 0034;
    3467 : 0039;
    3468 : 003E;
    3469 : 001B;
    3470 : 0033;
    3471 : 0018;
    3472 : FFFE;
    3473 : 0021;
    3474 : 0018;
    3475 : FFEB;
    3476 : FFE4;
    3477 : FFCA;
    3478 : FFAD;
    3479 : FFD2;
    3480 : 0004;
    3481 : 0016;
    3482 : 0001;
    3483 : 0022;
    3484 : 0029;
    3485 : FFFE;
    3486 : 0000;
    3487 : FFFF;
    3488 : FFF6;
    3489 : FFB2;
    3490 : FFB4;
    3491 : FFBD;
    3492 : FFAD;
    3493 : FF9B;
    3494 : FF9C;
    3495 : FFE5;
    3496 : FFE3;
    3497 : FFE4;
    3498 : FFF4;
    3499 : FFFA;
    3500 : 0000;
    3501 : FFF4;
    3502 : 000E;
    3503 : 0030;
    3504 : FFF0;
    3505 : FFF2;
    3506 : FFED;
    3507 : FFD7;
    3508 : FFC0;
    3509 : 0003;
    3510 : 001F;
    3511 : 000C;
    3512 : FFFE;
    3513 : 0000;
    3514 : 0000;
    3515 : 0000;
    3516 : 0016;
    3517 : 0041;
    3518 : 003C;
    3519 : 0041;
    3520 : 0045;
    3521 : 0040;
    3522 : FFFE;
    3523 : 0007;
    3524 : 001A;
    3525 : 0007;
    3526 : 0002;
    3527 : 0000;
    3528 : 0000;  -- W1[18][0]
    3529 : 0000;
    3530 : 0000;
    3531 : 0002;
    3532 : 0000;
    3533 : 0000;
    3534 : FFFB;
    3535 : 0008;
    3536 : 0016;
    3537 : 0000;
    3538 : FFFF;
    3539 : 0000;
    3540 : 0000;
    3541 : 0000;
    3542 : 0000;
    3543 : 0000;
    3544 : 0003;
    3545 : 0006;
    3546 : 0044;
    3547 : 0072;
    3548 : 0088;
    3549 : 007C;
    3550 : 0021;
    3551 : 0013;
    3552 : FFF7;
    3553 : FFDF;
    3554 : 0009;
    3555 : 0000;
    3556 : 0000;
    3557 : 0004;
    3558 : 001A;
    3559 : 002D;
    3560 : 0074;
    3561 : 0066;
    3562 : 000F;
    3563 : FFF3;
    3564 : 000F;
    3565 : 0018;
    3566 : FFF9;
    3567 : 0012;
    3568 : FFF9;
    3569 : 0002;
    3570 : 0006;
    3571 : 000E;
    3572 : 0064;
    3573 : 0058;
    3574 : 0053;
    3575 : 0050;
    3576 : 0064;
    3577 : 0049;
    3578 : 0011;
    3579 : 0019;
    3580 : 000F;
    3581 : 001B;
    3582 : FFD9;
    3583 : 0003;
    3584 : 0005;
    3585 : 000A;
    3586 : FFFA;
    3587 : FFC1;
    3588 : FFB9;
    3589 : FFC2;
    3590 : FFAD;
    3591 : 0036;
    3592 : 0040;
    3593 : 0019;
    3594 : FFF7;
    3595 : FFF1;
    3596 : FFB5;
    3597 : FFFC;
    3598 : 0003;
    3599 : FFE2;
    3600 : FF29;
    3601 : FEE4;
    3602 : FE88;
    3603 : FEBC;
    3604 : FF3D;
    3605 : FF92;
    3606 : FFF3;
    3607 : FFE5;
    3608 : FFCF;
    3609 : FFB7;
    3610 : FFA0;
    3611 : FFFB;
    3612 : FFFC;
    3613 : FFD6;
    3614 : FF0C;
    3615 : FF36;
    3616 : FFAD;
    3617 : 0059;
    3618 : 0092;
    3619 : FFCC;
    3620 : FFB5;
    3621 : FFC2;
    3622 : FFE4;
    3623 : FFA6;
    3624 : FFCF;
    3625 : FFF6;
    3626 : 0000;
    3627 : 001C;
    3628 : 0074;
    3629 : 0096;
    3630 : 008D;
    3631 : 007E;
    3632 : 0034;
    3633 : FFDE;
    3634 : 0009;
    3635 : 001F;
    3636 : 0024;
    3637 : FFD6;
    3638 : 0058;
    3639 : 0010;
    3640 : 0000;
    3641 : 005D;
    3642 : 0096;
    3643 : 002E;
    3644 : 000D;
    3645 : 0025;
    3646 : FFD0;
    3647 : FFD7;
    3648 : 0051;
    3649 : 0036;
    3650 : 0026;
    3651 : FFE2;
    3652 : 0038;
    3653 : 0026;
    3654 : 0001;
    3655 : 0031;
    3656 : 0000;
    3657 : FFDD;
    3658 : FFEE;
    3659 : 0000;
    3660 : FFF5;
    3661 : 0015;
    3662 : 0022;
    3663 : FFF0;
    3664 : FFE2;
    3665 : FFD5;
    3666 : 0004;
    3667 : 0017;
    3668 : 0000;
    3669 : 003E;
    3670 : FFE1;
    3671 : FFD3;
    3672 : FFF0;
    3673 : 0035;
    3674 : 0053;
    3675 : 0037;
    3676 : FFDE;
    3677 : FFE4;
    3678 : 0006;
    3679 : FFE2;
    3680 : FFEC;
    3681 : 0002;
    3682 : 0000;
    3683 : 0020;
    3684 : FFF6;
    3685 : 0002;
    3686 : FFEB;
    3687 : 0010;
    3688 : 0026;
    3689 : FFF8;
    3690 : 002E;
    3691 : FFFE;
    3692 : FFEA;
    3693 : 000D;
    3694 : FFF4;
    3695 : FFFC;
    3696 : 0000;
    3697 : 0009;
    3698 : 0037;
    3699 : 004E;
    3700 : 0038;
    3701 : 003E;
    3702 : 0022;
    3703 : 0024;
    3704 : FFFD;
    3705 : FFC4;
    3706 : FFE2;
    3707 : FFF4;
    3708 : 0002;
    3709 : 0000;
    3710 : 0000;
    3711 : 0000;
    3712 : FFF8;
    3713 : FFF5;
    3714 : 0016;
    3715 : 003A;
    3716 : 0030;
    3717 : 0040;
    3718 : 0025;
    3719 : 0008;
    3720 : 0000;
    3721 : 0000;
    3722 : 0000;
    3723 : 0000;
    3724 : 0000;  -- W1[19][0]
    3725 : 0000;
    3726 : 0000;
    3727 : 0000;
    3728 : 0000;
    3729 : 0000;
    3730 : 0000;
    3731 : FFFD;
    3732 : FFF8;
    3733 : FFFF;
    3734 : 0001;
    3735 : 0000;
    3736 : 0000;
    3737 : 0000;
    3738 : 0000;
    3739 : 0000;
    3740 : 0002;
    3741 : 0004;
    3742 : FFDC;
    3743 : FFAB;
    3744 : FFB4;
    3745 : FF95;
    3746 : FFE2;
    3747 : 0006;
    3748 : 0007;
    3749 : FFE9;
    3750 : 0003;
    3751 : 0000;
    3752 : 0000;
    3753 : 0000;
    3754 : 001D;
    3755 : 001C;
    3756 : FFC1;
    3757 : FFEA;
    3758 : FFE4;
    3759 : FFEF;
    3760 : FFCA;
    3761 : FFE3;
    3762 : FFA9;
    3763 : 0006;
    3764 : 0013;
    3765 : FFFA;
    3766 : FFFE;
    3767 : 000D;
    3768 : FFF7;
    3769 : FFB0;
    3770 : FFF6;
    3771 : FFE1;
    3772 : FFEC;
    3773 : 000D;
    3774 : 004E;
    3775 : 000F;
    3776 : 002D;
    3777 : FFFC;
    3778 : 0000;
    3779 : 0009;
    3780 : FFFE;
    3781 : FFFF;
    3782 : FFBC;
    3783 : FFD3;
    3784 : 000E;
    3785 : FFF3;
    3786 : FFEF;
    3787 : 0036;
    3788 : 0036;
    3789 : 000E;
    3790 : 0014;
    3791 : FFFE;
    3792 : 002F;
    3793 : FFF4;
    3794 : 0000;
    3795 : FFC0;
    3796 : FF88;
    3797 : FFE3;
    3798 : FFE3;
    3799 : FFC0;
    3800 : 0029;
    3801 : 0055;
    3802 : 0000;
    3803 : FFF0;
    3804 : FFED;
    3805 : 0043;
    3806 : 0078;
    3807 : 0012;
    3808 : 0000;
    3809 : FFD6;
    3810 : FF65;
    3811 : FF96;
    3812 : FFE6;
    3813 : 0056;
    3814 : 00CC;
    3815 : 006A;
    3816 : 0049;
    3817 : FFF3;
    3818 : FFB6;
    3819 : FF9C;
    3820 : FFB3;
    3821 : 000A;
    3822 : 0006;
    3823 : FFFF;
    3824 : FFB1;
    3825 : FF20;
    3826 : FF9C;
    3827 : 0073;
    3828 : 00BE;
    3829 : 005D;
    3830 : 002D;
    3831 : 000E;
    3832 : FF98;
    3833 : FF8B;
    3834 : FFC9;
    3835 : FFEE;
    3836 : 0004;
    3837 : 0007;
    3838 : 0024;
    3839 : FF92;
    3840 : FEE2;
    3841 : FFCC;
    3842 : 000C;
    3843 : 000D;
    3844 : 002B;
    3845 : 000B;
    3846 : FF53;
    3847 : FF75;
    3848 : FFFB;
    3849 : 0000;
    3850 : 0000;
    3851 : FFF9;
    3852 : 0021;
    3853 : 0016;
    3854 : FF85;
    3855 : FF68;
    3856 : FFC2;
    3857 : 0020;
    3858 : 0059;
    3859 : FFAE;
    3860 : FEEE;
    3861 : FF68;
    3862 : 0009;
    3863 : 0004;
    3864 : 0004;
    3865 : FFF1;
    3866 : 0024;
    3867 : 0043;
    3868 : 0029;
    3869 : FFF3;
    3870 : FFFD;
    3871 : 000B;
    3872 : 0012;
    3873 : FF75;
    3874 : FF3A;
    3875 : FFCC;
    3876 : 000E;
    3877 : 0000;
    3878 : 0000;
    3879 : 0010;
    3880 : 003D;
    3881 : 0043;
    3882 : 0061;
    3883 : 006A;
    3884 : 0016;
    3885 : FFD6;
    3886 : FF7C;
    3887 : FF6E;
    3888 : FFA1;
    3889 : 000C;
    3890 : FFF1;
    3891 : 0001;
    3892 : 0000;
    3893 : 0013;
    3894 : 006F;
    3895 : 006C;
    3896 : 0059;
    3897 : 000C;
    3898 : FFE6;
    3899 : FFA6;
    3900 : FFCA;
    3901 : FFB0;
    3902 : 0009;
    3903 : 002C;
    3904 : 0002;
    3905 : 0000;
    3906 : 0000;
    3907 : 0000;
    3908 : 0018;
    3909 : 001B;
    3910 : 0000;
    3911 : 000E;
    3912 : FFF7;
    3913 : 0031;
    3914 : 0027;
    3915 : 002E;
    3916 : 0007;
    3917 : 0000;
    3918 : 0000;
    3919 : 0000;
    3920 : 0000;  -- W1[20][0]
    3921 : 0000;
    3922 : 0000;
    3923 : FFFC;
    3924 : FFFE;
    3925 : FFFC;
    3926 : FFF9;
    3927 : FFFA;
    3928 : 0000;
    3929 : FFFB;
    3930 : FFFC;
    3931 : FFFD;
    3932 : 0000;
    3933 : 0000;
    3934 : 0000;
    3935 : 0000;
    3936 : FFFA;
    3937 : FFE6;
    3938 : FFE1;
    3939 : FFD4;
    3940 : FF85;
    3941 : FFB4;
    3942 : FFD8;
    3943 : FFEA;
    3944 : FFEA;
    3945 : 000A;
    3946 : 0001;
    3947 : 0000;
    3948 : 0000;
    3949 : FFFC;
    3950 : FFF2;
    3951 : FFFE;
    3952 : 0022;
    3953 : 000C;
    3954 : FFF5;
    3955 : FFE8;
    3956 : FFEC;
    3957 : 0007;
    3958 : FFDF;
    3959 : FFC4;
    3960 : 0005;
    3961 : 0005;
    3962 : 0000;
    3963 : 001E;
    3964 : FFFA;
    3965 : 000C;
    3966 : 003C;
    3967 : 0030;
    3968 : 002C;
    3969 : 001E;
    3970 : 0023;
    3971 : FFEA;
    3972 : 0001;
    3973 : FFDC;
    3974 : FFE1;
    3975 : FFFE;
    3976 : 0004;
    3977 : 0028;
    3978 : 0037;
    3979 : 002C;
    3980 : 000C;
    3981 : 0048;
    3982 : 0022;
    3983 : FFF5;
    3984 : FFC9;
    3985 : FFFD;
    3986 : 0005;
    3987 : 0044;
    3988 : 0027;
    3989 : 0005;
    3990 : 0004;
    3991 : 001B;
    3992 : 0039;
    3993 : 0033;
    3994 : 0041;
    3995 : 0052;
    3996 : 0026;
    3997 : 0015;
    3998 : 0025;
    3999 : 0049;
    4000 : 004C;
    4001 : 0044;
    4002 : FFE5;
    4003 : 0000;
    4004 : 0003;
    4005 : 0029;
    4006 : 000A;
    4007 : 0026;
    4008 : 003F;
    4009 : 004B;
    4010 : FFE7;
    4011 : FFF1;
    4012 : 0009;
    4013 : 003F;
    4014 : 0045;
    4015 : 002E;
    4016 : 001E;
    4017 : 0018;
    4018 : FFFD;
    4019 : 000C;
    4020 : FFF8;
    4021 : 0007;
    4022 : FFB2;
    4023 : 0012;
    4024 : FFA4;
    4025 : FFF6;
    4026 : 0063;
    4027 : 00AD;
    4028 : 0028;
    4029 : 0043;
    4030 : 0015;
    4031 : 0016;
    4032 : FFFD;
    4033 : FFE2;
    4034 : FFE2;
    4035 : 0016;
    4036 : 0012;
    4037 : FFEB;
    4038 : FFCC;
    4039 : 004B;
    4040 : 00B2;
    4041 : 003F;
    4042 : 001A;
    4043 : 0002;
    4044 : 002A;
    4045 : 0017;
    4046 : 0000;
    4047 : FFD2;
    4048 : 0012;
    4049 : 0022;
    4050 : FFD5;
    4051 : FFEA;
    4052 : FFD8;
    4053 : 003A;
    4054 : 0010;
    4055 : FFE1;
    4056 : FFC2;
    4057 : FFEF;
    4058 : 0008;
    4059 : 0009;
    4060 : 0000;
    4061 : FFF5;
    4062 : FFF0;
    4063 : FFF4;
    4064 : 0003;
    4065 : FFFC;
    4066 : 0015;
    4067 : FFDA;
    4068 : FF85;
    4069 : FF39;
    4070 : FF5C;
    4071 : FFA2;
    4072 : FFF6;
    4073 : FFFD;
    4074 : 0000;
    4075 : FFE3;
    4076 : FFD3;
    4077 : 0033;
    4078 : 0027;
    4079 : 0054;
    4080 : 0014;
    4081 : FFCF;
    4082 : FFDA;
    4083 : FFA0;
    4084 : FFB2;
    4085 : FFE4;
    4086 : 0004;
    4087 : FFF9;
    4088 : 0000;
    4089 : FFF1;
    4090 : 0005;
    4091 : 000C;
    4092 : FFFC;
    4093 : FFED;
    4094 : FFEA;
    4095 : 000B;
    4096 : FFF7;
    4097 : 000B;
    4098 : 000F;
    4099 : FFFA;
    4100 : 0000;
    4101 : 0000;
    4102 : 0000;
    4103 : 0000;
    4104 : FFF7;
    4105 : FFFF;
    4106 : 000F;
    4107 : FFFF;
    4108 : 002A;
    4109 : 003A;
    4110 : 0025;
    4111 : 0032;
    4112 : 0014;
    4113 : 000A;
    4114 : 0002;
    4115 : 0000;
    4116 : 0000;  -- W1[21][0]
    4117 : 0000;
    4118 : 0000;
    4119 : FFFF;
    4120 : FFFF;
    4121 : 0000;
    4122 : 0001;
    4123 : FFFF;
    4124 : 0008;
    4125 : FFFE;
    4126 : FFFE;
    4127 : FFFE;
    4128 : 0000;
    4129 : 0000;
    4130 : 0000;
    4131 : 0000;
    4132 : FFFE;
    4133 : FFEF;
    4134 : FFF1;
    4135 : FFF5;
    4136 : 0007;
    4137 : 0009;
    4138 : 0009;
    4139 : FFF1;
    4140 : FFF4;
    4141 : FFE5;
    4142 : 0000;
    4143 : 0001;
    4144 : 0000;
    4145 : 0008;
    4146 : 0035;
    4147 : 002D;
    4148 : 0016;
    4149 : 0028;
    4150 : FFF4;
    4151 : 0024;
    4152 : 0026;
    4153 : FFF7;
    4154 : FFFB;
    4155 : FFC9;
    4156 : FFE8;
    4157 : FFFE;
    4158 : 0003;
    4159 : 0014;
    4160 : 000E;
    4161 : 002C;
    4162 : FFD6;
    4163 : FFC1;
    4164 : 0004;
    4165 : FFE5;
    4166 : 000E;
    4167 : 002B;
    4168 : 0028;
    4169 : 003C;
    4170 : FFEC;
    4171 : FFFB;
    4172 : 0004;
    4173 : 0023;
    4174 : 0029;
    4175 : 000D;
    4176 : FFFD;
    4177 : FFFD;
    4178 : 0056;
    4179 : 0041;
    4180 : 0043;
    4181 : 0039;
    4182 : 0064;
    4183 : 003E;
    4184 : FFF1;
    4185 : FFF8;
    4186 : 0004;
    4187 : 0067;
    4188 : 0008;
    4189 : 0004;
    4190 : 000B;
    4191 : 0036;
    4192 : 008B;
    4193 : 007E;
    4194 : 0034;
    4195 : 0047;
    4196 : 0071;
    4197 : 0033;
    4198 : FFE5;
    4199 : 0002;
    4200 : 0001;
    4201 : 0034;
    4202 : FFD7;
    4203 : 0005;
    4204 : FFE6;
    4205 : 004C;
    4206 : 0036;
    4207 : 001B;
    4208 : 0016;
    4209 : 0020;
    4210 : FFE0;
    4211 : FFE8;
    4212 : 0004;
    4213 : FFEF;
    4214 : 0004;
    4215 : 0003;
    4216 : 0018;
    4217 : 002B;
    4218 : FFD2;
    4219 : FFD0;
    4220 : FFB3;
    4221 : FFEB;
    4222 : FFDF;
    4223 : 0042;
    4224 : 005D;
    4225 : 003E;
    4226 : 0042;
    4227 : FFED;
    4228 : 0004;
    4229 : 0019;
    4230 : 004C;
    4231 : 002E;
    4232 : 0001;
    4233 : FFD2;
    4234 : FFB9;
    4235 : FFA9;
    4236 : FFED;
    4237 : 0025;
    4238 : 002B;
    4239 : 0048;
    4240 : FFF8;
    4241 : FFE9;
    4242 : 0000;
    4243 : 001F;
    4244 : 006A;
    4245 : FFF9;
    4246 : 0025;
    4247 : 0003;
    4248 : FFDA;
    4249 : FFF0;
    4250 : FFF3;
    4251 : 0015;
    4252 : FFFF;
    4253 : 0026;
    4254 : FFC4;
    4255 : FFF4;
    4256 : 0001;
    4257 : FFE6;
    4258 : FFFC;
    4259 : 0019;
    4260 : FFE1;
    4261 : FFE0;
    4262 : 0003;
    4263 : FFE1;
    4264 : FFE2;
    4265 : FFDE;
    4266 : FFE1;
    4267 : FFB7;
    4268 : FFD3;
    4269 : 0000;
    4270 : 0000;
    4271 : FFF7;
    4272 : FFE1;
    4273 : 0015;
    4274 : FFF2;
    4275 : 0020;
    4276 : 0009;
    4277 : 003B;
    4278 : 002C;
    4279 : FFEC;
    4280 : FF7B;
    4281 : FF72;
    4282 : FFDE;
    4283 : 0000;
    4284 : 0000;
    4285 : 0013;
    4286 : 004E;
    4287 : 0035;
    4288 : 0011;
    4289 : 002E;
    4290 : 0074;
    4291 : 0033;
    4292 : 0019;
    4293 : FFAC;
    4294 : FF7A;
    4295 : FFBC;
    4296 : FFF7;
    4297 : 0000;
    4298 : 0000;
    4299 : 0000;
    4300 : FFF8;
    4301 : FFFE;
    4302 : 0013;
    4303 : 001B;
    4304 : 0015;
    4305 : 001D;
    4306 : 0033;
    4307 : 0031;
    4308 : 000C;
    4309 : 0007;
    4310 : FFFF;
    4311 : 0000;
    4312 : 0000;  -- W1[22][0]
    4313 : 0000;
    4314 : 0000;
    4315 : FFF1;
    4316 : FFF7;
    4317 : FFF6;
    4318 : FFEF;
    4319 : FFF8;
    4320 : FFE7;
    4321 : FFF3;
    4322 : FFF3;
    4323 : FFF2;
    4324 : 0000;
    4325 : 0000;
    4326 : 0000;
    4327 : FFFE;
    4328 : FFF7;
    4329 : FFAD;
    4330 : FF84;
    4331 : FF5E;
    4332 : FF03;
    4333 : FF0B;
    4334 : FF7F;
    4335 : FFDC;
    4336 : FFC5;
    4337 : FFD5;
    4338 : FFF9;
    4339 : 0000;
    4340 : 0000;
    4341 : FFFE;
    4342 : FFFD;
    4343 : FFB3;
    4344 : FFB0;
    4345 : FFE9;
    4346 : FFD8;
    4347 : FFB1;
    4348 : FF80;
    4349 : FFB5;
    4350 : FFED;
    4351 : 0023;
    4352 : 0029;
    4353 : FFFC;
    4354 : FFFE;
    4355 : 0011;
    4356 : FFCB;
    4357 : FFE1;
    4358 : 0028;
    4359 : 0038;
    4360 : 0049;
    4361 : 0035;
    4362 : 004A;
    4363 : 0006;
    4364 : 003E;
    4365 : FFFB;
    4366 : FFCC;
    4367 : 0002;
    4368 : 0002;
    4369 : 0017;
    4370 : 0013;
    4371 : 002A;
    4372 : 004B;
    4373 : 0046;
    4374 : 006F;
    4375 : 005B;
    4376 : 0043;
    4377 : 0016;
    4378 : 0008;
    4379 : 0012;
    4380 : FFE2;
    4381 : 000A;
    4382 : 0004;
    4383 : 0011;
    4384 : 0026;
    4385 : 0042;
    4386 : 0071;
    4387 : 0057;
    4388 : 001D;
    4389 : 0039;
    4390 : 0047;
    4391 : 0002;
    4392 : 002C;
    4393 : FFE0;
    4394 : FF8F;
    4395 : 0001;
    4396 : 0004;
    4397 : 0031;
    4398 : 0063;
    4399 : 004B;
    4400 : 0033;
    4401 : 0015;
    4402 : FFB5;
    4403 : 004F;
    4404 : 0042;
    4405 : 0021;
    4406 : 004F;
    4407 : FFDF;
    4408 : FF9D;
    4409 : 000F;
    4410 : FFFE;
    4411 : 002F;
    4412 : 000E;
    4413 : 001E;
    4414 : FFEE;
    4415 : FFD0;
    4416 : FFC4;
    4417 : 0030;
    4418 : 0048;
    4419 : 0022;
    4420 : FFF0;
    4421 : FFF7;
    4422 : FF87;
    4423 : FFFF;
    4424 : FFFE;
    4425 : FFE3;
    4426 : FFAD;
    4427 : 0003;
    4428 : FFEA;
    4429 : FFC0;
    4430 : 0026;
    4431 : 0064;
    4432 : 0054;
    4433 : FFD2;
    4434 : FFD4;
    4435 : FFB0;
    4436 : FFA1;
    4437 : FFF8;
    4438 : 0000;
    4439 : FFE0;
    4440 : FFC5;
    4441 : FFB7;
    4442 : FF7F;
    4443 : FF83;
    4444 : FFF1;
    4445 : 000F;
    4446 : FFCF;
    4447 : FFBF;
    4448 : FFC8;
    4449 : FF8A;
    4450 : FFD7;
    4451 : 0012;
    4452 : 0000;
    4453 : FFE9;
    4454 : FFC9;
    4455 : FF95;
    4456 : FF7D;
    4457 : FF95;
    4458 : FFCB;
    4459 : 000B;
    4460 : 0014;
    4461 : FFCE;
    4462 : FFCB;
    4463 : FF80;
    4464 : 000F;
    4465 : FFFB;
    4466 : 0000;
    4467 : FFD8;
    4468 : FFAF;
    4469 : 0010;
    4470 : FFF7;
    4471 : FFD4;
    4472 : 0002;
    4473 : 0003;
    4474 : 000D;
    4475 : 0030;
    4476 : 0027;
    4477 : 0013;
    4478 : FFFE;
    4479 : FFFE;
    4480 : 0000;
    4481 : FFED;
    4482 : 0022;
    4483 : 004F;
    4484 : 0023;
    4485 : 0010;
    4486 : FFB3;
    4487 : FFD9;
    4488 : FFE7;
    4489 : 0026;
    4490 : 0033;
    4491 : 0011;
    4492 : FFF7;
    4493 : 0000;
    4494 : 0000;
    4495 : 0000;
    4496 : 000A;
    4497 : 002F;
    4498 : 0057;
    4499 : 002C;
    4500 : 0047;
    4501 : 006A;
    4502 : 0046;
    4503 : 004F;
    4504 : 0035;
    4505 : 0013;
    4506 : 0002;
    4507 : 0000;
    4508 : 0000;  -- W1[23][0]
    4509 : 0000;
    4510 : 0000;
    4511 : 0004;
    4512 : 0001;
    4513 : 0003;
    4514 : 0003;
    4515 : 000C;
    4516 : 0003;
    4517 : 0002;
    4518 : 0001;
    4519 : 0000;
    4520 : 0000;
    4521 : 0000;
    4522 : 0000;
    4523 : 0000;
    4524 : 0004;
    4525 : 000C;
    4526 : 000A;
    4527 : FFD5;
    4528 : 002F;
    4529 : 006B;
    4530 : 004C;
    4531 : 0087;
    4532 : 0065;
    4533 : 002C;
    4534 : 002A;
    4535 : 0000;
    4536 : 0000;
    4537 : FFFB;
    4538 : FFF5;
    4539 : FFE9;
    4540 : 0016;
    4541 : 0051;
    4542 : 0004;
    4543 : 0032;
    4544 : 0049;
    4545 : 006A;
    4546 : 004D;
    4547 : 0090;
    4548 : 007B;
    4549 : 0005;
    4550 : FFFF;
    4551 : FFDC;
    4552 : FFC5;
    4553 : 0005;
    4554 : 001C;
    4555 : 0006;
    4556 : FFF2;
    4557 : 005A;
    4558 : 0098;
    4559 : 007C;
    4560 : 004D;
    4561 : 000E;
    4562 : 0077;
    4563 : 000D;
    4564 : 0003;
    4565 : FFF9;
    4566 : FFA6;
    4567 : 0020;
    4568 : 0030;
    4569 : 002A;
    4570 : 000F;
    4571 : FFAF;
    4572 : FF5B;
    4573 : FF14;
    4574 : FF47;
    4575 : FF29;
    4576 : FFC0;
    4577 : 0000;
    4578 : 0004;
    4579 : 002E;
    4580 : 0024;
    4581 : 0024;
    4582 : 003D;
    4583 : 0027;
    4584 : FFC3;
    4585 : FFBF;
    4586 : 0002;
    4587 : FFA8;
    4588 : FF44;
    4589 : FF2E;
    4590 : FF72;
    4591 : 0000;
    4592 : 0003;
    4593 : 0059;
    4594 : 0064;
    4595 : FFFC;
    4596 : FFF4;
    4597 : FFBC;
    4598 : FFC7;
    4599 : 0059;
    4600 : 0055;
    4601 : 0083;
    4602 : 0091;
    4603 : FFFA;
    4604 : FF97;
    4605 : FFFA;
    4606 : 0004;
    4607 : 0018;
    4608 : FFE9;
    4609 : FFAF;
    4610 : FFEC;
    4611 : FFED;
    4612 : FFEB;
    4613 : 0023;
    4614 : 002F;
    4615 : 002F;
    4616 : 0052;
    4617 : 004D;
    4618 : 002C;
    4619 : FFF1;
    4620 : 0003;
    4621 : 0008;
    4622 : FFBA;
    4623 : FFEC;
    4624 : FFD2;
    4625 : FFDE;
    4626 : FFC6;
    4627 : FFF6;
    4628 : FFE0;
    4629 : 0032;
    4630 : FFFF;
    4631 : 0013;
    4632 : 0024;
    4633 : FFF2;
    4634 : 0000;
    4635 : 003B;
    4636 : 001F;
    4637 : FFD6;
    4638 : FFF0;
    4639 : FFD6;
    4640 : FF4E;
    4641 : 0031;
    4642 : 004E;
    4643 : 0023;
    4644 : 0013;
    4645 : FFF3;
    4646 : 0041;
    4647 : FFF5;
    4648 : 0000;
    4649 : FFF6;
    4650 : 003C;
    4651 : 0027;
    4652 : 0015;
    4653 : 0008;
    4654 : FFB7;
    4655 : 0060;
    4656 : 0036;
    4657 : 0023;
    4658 : 001B;
    4659 : 0047;
    4660 : 0068;
    4661 : 0000;
    4662 : 0000;
    4663 : FFE5;
    4664 : 0023;
    4665 : FFDD;
    4666 : FFD8;
    4667 : FF9E;
    4668 : FFD2;
    4669 : 0024;
    4670 : 0028;
    4671 : FFFD;
    4672 : 000F;
    4673 : 0010;
    4674 : 0024;
    4675 : 000C;
    4676 : 0000;
    4677 : 0005;
    4678 : FFDD;
    4679 : FFFB;
    4680 : FFD7;
    4681 : FFDB;
    4682 : 0004;
    4683 : 003F;
    4684 : 004A;
    4685 : 002D;
    4686 : 005C;
    4687 : 0045;
    4688 : 0001;
    4689 : 0000;
    4690 : 0000;
    4691 : 0000;
    4692 : 0000;
    4693 : 0000;
    4694 : 0001;
    4695 : 000A;
    4696 : 0037;
    4697 : 007C;
    4698 : 0065;
    4699 : 0050;
    4700 : 003A;
    4701 : 000A;
    4702 : FFFE;
    4703 : 0000;
    4704 : 0000;  -- W1[24][0]
    4705 : 0000;
    4706 : 0000;
    4707 : FFF4;
    4708 : FFFB;
    4709 : FFFB;
    4710 : FFFD;
    4711 : FFFE;
    4712 : FFF8;
    4713 : FFFB;
    4714 : FFFA;
    4715 : FFF8;
    4716 : 0000;
    4717 : 0000;
    4718 : 0000;
    4719 : 0000;
    4720 : FFFB;
    4721 : FFBA;
    4722 : FFB4;
    4723 : FFA7;
    4724 : FF8A;
    4725 : FFB3;
    4726 : FFE0;
    4727 : 002D;
    4728 : 001A;
    4729 : FFFD;
    4730 : 0000;
    4731 : 0000;
    4732 : 0000;
    4733 : 0008;
    4734 : FFFE;
    4735 : FFDB;
    4736 : FFC9;
    4737 : FFF6;
    4738 : FFD0;
    4739 : FFAC;
    4740 : FFDC;
    4741 : FFCC;
    4742 : FFC4;
    4743 : FFC4;
    4744 : 001D;
    4745 : 0002;
    4746 : 0001;
    4747 : 001C;
    4748 : 0020;
    4749 : 0005;
    4750 : 0004;
    4751 : 004D;
    4752 : 0073;
    4753 : 0063;
    4754 : 0042;
    4755 : 0011;
    4756 : FFDE;
    4757 : FFA2;
    4758 : 0002;
    4759 : 0007;
    4760 : 0001;
    4761 : 0006;
    4762 : 000D;
    4763 : 0055;
    4764 : 005F;
    4765 : 002F;
    4766 : 0063;
    4767 : 0062;
    4768 : 0079;
    4769 : 0052;
    4770 : 0017;
    4771 : 002C;
    4772 : 001B;
    4773 : 0007;
    4774 : FFFF;
    4775 : 0043;
    4776 : 0036;
    4777 : 0034;
    4778 : 002B;
    4779 : FFD9;
    4780 : FFA2;
    4781 : FFD5;
    4782 : 0002;
    4783 : FFF9;
    4784 : 0009;
    4785 : 002A;
    4786 : 0019;
    4787 : 0012;
    4788 : FFFF;
    4789 : 0012;
    4790 : 003E;
    4791 : 005C;
    4792 : 0034;
    4793 : 001A;
    4794 : FFDA;
    4795 : 0002;
    4796 : 001A;
    4797 : FFEA;
    4798 : FFFA;
    4799 : FFDF;
    4800 : FFE9;
    4801 : FFFE;
    4802 : 0000;
    4803 : 0013;
    4804 : 000B;
    4805 : 0013;
    4806 : 006F;
    4807 : 007C;
    4808 : 0085;
    4809 : 0029;
    4810 : 002A;
    4811 : 0001;
    4812 : 0011;
    4813 : FFE8;
    4814 : FFC9;
    4815 : FFF4;
    4816 : 0000;
    4817 : 0004;
    4818 : FFA9;
    4819 : FFB3;
    4820 : 0025;
    4821 : 0053;
    4822 : 006F;
    4823 : FFED;
    4824 : 0026;
    4825 : 0012;
    4826 : 0009;
    4827 : 0018;
    4828 : FFBD;
    4829 : FFE9;
    4830 : 0000;
    4831 : FFFD;
    4832 : FFAF;
    4833 : FF7F;
    4834 : FF84;
    4835 : FFA0;
    4836 : FF7A;
    4837 : FF94;
    4838 : FFEC;
    4839 : 0009;
    4840 : 0027;
    4841 : FFF8;
    4842 : FF9A;
    4843 : FFF3;
    4844 : 0000;
    4845 : 0009;
    4846 : 0002;
    4847 : FFA4;
    4848 : FF52;
    4849 : FF66;
    4850 : FF81;
    4851 : FFA5;
    4852 : FFF5;
    4853 : 000E;
    4854 : 0011;
    4855 : FFF6;
    4856 : FFF2;
    4857 : FFFE;
    4858 : 0000;
    4859 : 001D;
    4860 : 0026;
    4861 : 0026;
    4862 : FFF2;
    4863 : 0005;
    4864 : FFEB;
    4865 : 000C;
    4866 : FFEE;
    4867 : FFD6;
    4868 : FFBC;
    4869 : 001F;
    4870 : 0002;
    4871 : 0005;
    4872 : 0000;
    4873 : 0016;
    4874 : 008A;
    4875 : 0097;
    4876 : 0067;
    4877 : 00AB;
    4878 : 0053;
    4879 : 0035;
    4880 : 003A;
    4881 : 0000;
    4882 : 003B;
    4883 : 0016;
    4884 : FFFB;
    4885 : 0000;
    4886 : 0000;
    4887 : 0000;
    4888 : 000F;
    4889 : 002B;
    4890 : 0045;
    4891 : 0071;
    4892 : 008A;
    4893 : 006A;
    4894 : 005C;
    4895 : 0038;
    4896 : 0028;
    4897 : 0007;
    4898 : 0001;
    4899 : 0000;
    4900 : 0000;  -- W1[25][0]
    4901 : 0000;
    4902 : 0000;
    4903 : 0005;
    4904 : 0002;
    4905 : 0002;
    4906 : 0003;
    4907 : 0005;
    4908 : 000D;
    4909 : 0004;
    4910 : 0003;
    4911 : 0003;
    4912 : 0000;
    4913 : 0000;
    4914 : 0000;
    4915 : 0000;
    4916 : 0004;
    4917 : 0015;
    4918 : 002D;
    4919 : 0032;
    4920 : 003B;
    4921 : 0019;
    4922 : 000D;
    4923 : FFFD;
    4924 : FFF1;
    4925 : FFF8;
    4926 : FFFB;
    4927 : FFFF;
    4928 : 0000;
    4929 : 0003;
    4930 : 0015;
    4931 : 0026;
    4932 : 0002;
    4933 : 0026;
    4934 : FFEF;
    4935 : FFF2;
    4936 : 002C;
    4937 : 0008;
    4938 : FFDC;
    4939 : FF96;
    4940 : FFBF;
    4941 : 0003;
    4942 : 0000;
    4943 : 0008;
    4944 : 000D;
    4945 : FFF3;
    4946 : FFE8;
    4947 : 0000;
    4948 : 0002;
    4949 : 0047;
    4950 : 003F;
    4951 : 002E;
    4952 : 0018;
    4953 : FFC7;
    4954 : FFA3;
    4955 : FFF6;
    4956 : FFFF;
    4957 : FFF6;
    4958 : 0010;
    4959 : FFE7;
    4960 : FFF7;
    4961 : 0008;
    4962 : 0050;
    4963 : 0057;
    4964 : 0035;
    4965 : FFD5;
    4966 : 0006;
    4967 : 001E;
    4968 : FF63;
    4969 : FFF0;
    4970 : FFFE;
    4971 : 0019;
    4972 : 0022;
    4973 : 0011;
    4974 : FFE1;
    4975 : FFE9;
    4976 : FFFF;
    4977 : 0026;
    4978 : FFEC;
    4979 : 002A;
    4980 : 0026;
    4981 : 001C;
    4982 : FFCA;
    4983 : FFF3;
    4984 : FFFD;
    4985 : 0007;
    4986 : 0023;
    4987 : FFE7;
    4988 : FFCA;
    4989 : FFBD;
    4990 : 0001;
    4991 : 0022;
    4992 : 0027;
    4993 : 0014;
    4994 : 0025;
    4995 : 0050;
    4996 : 0041;
    4997 : 000D;
    4998 : 0002;
    4999 : 0009;
    5000 : FFFC;
    5001 : 0025;
    5002 : FFC2;
    5003 : FFDD;
    5004 : 0041;
    5005 : 0027;
    5006 : FFF3;
    5007 : 0024;
    5008 : 003C;
    5009 : 0024;
    5010 : 0045;
    5011 : 0015;
    5012 : 0002;
    5013 : 0022;
    5014 : 001F;
    5015 : FFEC;
    5016 : 002A;
    5017 : 0029;
    5018 : 0040;
    5019 : FFF0;
    5020 : FFE1;
    5021 : 002A;
    5022 : 000B;
    5023 : 003B;
    5024 : 002D;
    5025 : 001E;
    5026 : 0000;
    5027 : 0013;
    5028 : FFEE;
    5029 : 0011;
    5030 : 000A;
    5031 : 0030;
    5032 : 001D;
    5033 : 0010;
    5034 : 0032;
    5035 : 0049;
    5036 : FFFB;
    5037 : 003C;
    5038 : FFFA;
    5039 : 000C;
    5040 : 0000;
    5041 : 002A;
    5042 : 0024;
    5043 : 0017;
    5044 : 002A;
    5045 : 0033;
    5046 : 0015;
    5047 : FFF9;
    5048 : FFE1;
    5049 : 0018;
    5050 : FFF5;
    5051 : FFEE;
    5052 : 0009;
    5053 : 0002;
    5054 : 0000;
    5055 : 0014;
    5056 : 0007;
    5057 : FFE2;
    5058 : FFF8;
    5059 : 0011;
    5060 : FFE0;
    5061 : FFD2;
    5062 : FFED;
    5063 : FFE5;
    5064 : FFD3;
    5065 : 0017;
    5066 : FFFB;
    5067 : FFFC;
    5068 : 0000;
    5069 : 0003;
    5070 : 001B;
    5071 : 002F;
    5072 : 0002;
    5073 : FFE3;
    5074 : FFFD;
    5075 : FFE5;
    5076 : 000B;
    5077 : FFFA;
    5078 : 0011;
    5079 : 0017;
    5080 : 0004;
    5081 : 0000;
    5082 : 0000;
    5083 : 0000;
    5084 : 0012;
    5085 : 002D;
    5086 : 003A;
    5087 : 0049;
    5088 : 003F;
    5089 : 003F;
    5090 : 0042;
    5091 : 0036;
    5092 : 0022;
    5093 : 0005;
    5094 : 0001;
    5095 : 0000;
    5096 : 0000;  -- W1[26][0]
    5097 : 0000;
    5098 : 0000;
    5099 : 0000;
    5100 : 0000;
    5101 : FFFF;
    5102 : FFFE;
    5103 : 000B;
    5104 : 0005;
    5105 : 0000;
    5106 : FFFF;
    5107 : 0000;
    5108 : 0000;
    5109 : 0000;
    5110 : 0000;
    5111 : 0000;
    5112 : FFF9;
    5113 : FFF9;
    5114 : 0004;
    5115 : FFEA;
    5116 : 005A;
    5117 : 0040;
    5118 : 0015;
    5119 : FFC4;
    5120 : FFA8;
    5121 : FFCB;
    5122 : FFF5;
    5123 : FFFF;
    5124 : 0000;
    5125 : FFFE;
    5126 : 000A;
    5127 : FFE2;
    5128 : FFFF;
    5129 : FFF2;
    5130 : 0049;
    5131 : 0081;
    5132 : 004B;
    5133 : FFF0;
    5134 : FFED;
    5135 : FFA9;
    5136 : FF7D;
    5137 : FFF6;
    5138 : 0002;
    5139 : FFF9;
    5140 : 0003;
    5141 : FFF8;
    5142 : FFE2;
    5143 : FFEF;
    5144 : 0013;
    5145 : 0093;
    5146 : 0097;
    5147 : 0091;
    5148 : 0038;
    5149 : FFBF;
    5150 : FF35;
    5151 : FFFA;
    5152 : 0004;
    5153 : FFF6;
    5154 : FFED;
    5155 : FFF9;
    5156 : 0046;
    5157 : FFE4;
    5158 : FFAC;
    5159 : 0050;
    5160 : 009D;
    5161 : 0069;
    5162 : 0038;
    5163 : FFBD;
    5164 : FEF3;
    5165 : FFF4;
    5166 : 0001;
    5167 : 000A;
    5168 : FFE4;
    5169 : FFD9;
    5170 : FFD0;
    5171 : FFA3;
    5172 : FF2B;
    5173 : FFF2;
    5174 : 0040;
    5175 : 007A;
    5176 : 0068;
    5177 : FFD6;
    5178 : FF69;
    5179 : FFF2;
    5180 : FFFC;
    5181 : FFDE;
    5182 : FFA1;
    5183 : FFC4;
    5184 : FFE0;
    5185 : FFC4;
    5186 : FF36;
    5187 : FFD8;
    5188 : 0003;
    5189 : 0048;
    5190 : 000E;
    5191 : FFDA;
    5192 : FFAD;
    5193 : FFF3;
    5194 : 0000;
    5195 : FFDE;
    5196 : FFDB;
    5197 : 0011;
    5198 : FFC1;
    5199 : FFCD;
    5200 : FFE2;
    5201 : FFF6;
    5202 : 0017;
    5203 : FFE2;
    5204 : FFBF;
    5205 : FFB7;
    5206 : FFC8;
    5207 : 0004;
    5208 : 0001;
    5209 : FFE5;
    5210 : FFC9;
    5211 : FFB6;
    5212 : 0012;
    5213 : FFD4;
    5214 : FFF0;
    5215 : FFCD;
    5216 : FFCA;
    5217 : FF97;
    5218 : FFA9;
    5219 : FFC3;
    5220 : FFE0;
    5221 : 001D;
    5222 : 0001;
    5223 : FFF8;
    5224 : FF89;
    5225 : FFA9;
    5226 : 0005;
    5227 : 0015;
    5228 : 0036;
    5229 : FFF0;
    5230 : FFD3;
    5231 : 0001;
    5232 : FFF2;
    5233 : 0022;
    5234 : 004F;
    5235 : 0027;
    5236 : 0000;
    5237 : 0034;
    5238 : 001A;
    5239 : 0035;
    5240 : 0038;
    5241 : 0031;
    5242 : 0046;
    5243 : 002C;
    5244 : 0003;
    5245 : 0015;
    5246 : 002D;
    5247 : 001E;
    5248 : 005E;
    5249 : 000A;
    5250 : 0000;
    5251 : FFE4;
    5252 : 0040;
    5253 : 0059;
    5254 : 003A;
    5255 : 001C;
    5256 : 001E;
    5257 : 0026;
    5258 : FFCD;
    5259 : FFC6;
    5260 : FFE2;
    5261 : FFFE;
    5262 : 000F;
    5263 : 0000;
    5264 : 0000;
    5265 : FFF1;
    5266 : 001C;
    5267 : FFE5;
    5268 : 0004;
    5269 : FFFD;
    5270 : 0010;
    5271 : FFF9;
    5272 : FFEB;
    5273 : FFA9;
    5274 : FFC1;
    5275 : FFFD;
    5276 : 0006;
    5277 : 0000;
    5278 : 0000;
    5279 : 0000;
    5280 : 0003;
    5281 : 001A;
    5282 : 0055;
    5283 : 0051;
    5284 : 0031;
    5285 : 0064;
    5286 : 0032;
    5287 : 0022;
    5288 : 0004;
    5289 : FFFD;
    5290 : 0000;
    5291 : 0000;
    5292 : 0000;  -- W1[27][0]
    5293 : 0000;
    5294 : 0000;
    5295 : FFEF;
    5296 : FFF8;
    5297 : FFF9;
    5298 : FFF3;
    5299 : FFF5;
    5300 : FFE8;
    5301 : FFED;
    5302 : FFF0;
    5303 : FFF2;
    5304 : 0000;
    5305 : 0000;
    5306 : 0000;
    5307 : FFFF;
    5308 : FFFB;
    5309 : FFBF;
    5310 : FF8E;
    5311 : FF85;
    5312 : FF91;
    5313 : FFA4;
    5314 : FFC4;
    5315 : FFDB;
    5316 : FFE3;
    5317 : FFE6;
    5318 : FFFB;
    5319 : 0000;
    5320 : 0000;
    5321 : 0004;
    5322 : FFEB;
    5323 : FFF5;
    5324 : 0001;
    5325 : 000E;
    5326 : 0029;
    5327 : 0018;
    5328 : 0025;
    5329 : FFF4;
    5330 : 000C;
    5331 : 0013;
    5332 : 001A;
    5333 : 0003;
    5334 : 0000;
    5335 : 000B;
    5336 : 0040;
    5337 : 0046;
    5338 : 0040;
    5339 : FFF3;
    5340 : FFE2;
    5341 : FFFB;
    5342 : 001E;
    5343 : 004E;
    5344 : FFEA;
    5345 : 0017;
    5346 : 003B;
    5347 : 000F;
    5348 : FFFF;
    5349 : 000D;
    5350 : 0025;
    5351 : 0021;
    5352 : FFE8;
    5353 : FFF4;
    5354 : FFE9;
    5355 : FFE3;
    5356 : FFFE;
    5357 : 0040;
    5358 : 0038;
    5359 : 0060;
    5360 : 0090;
    5361 : 0017;
    5362 : FFFD;
    5363 : FFEF;
    5364 : 0003;
    5365 : 0026;
    5366 : 0031;
    5367 : 001A;
    5368 : FFE2;
    5369 : FF9D;
    5370 : FFF4;
    5371 : 003C;
    5372 : 001B;
    5373 : FFF9;
    5374 : 0029;
    5375 : 000E;
    5376 : FFFF;
    5377 : FFDD;
    5378 : FFD2;
    5379 : 000E;
    5380 : 0029;
    5381 : 0041;
    5382 : 0051;
    5383 : FFE3;
    5384 : FFDC;
    5385 : 005D;
    5386 : 001C;
    5387 : FF56;
    5388 : FF5D;
    5389 : FFFF;
    5390 : 0002;
    5391 : 0020;
    5392 : 0049;
    5393 : FFFD;
    5394 : FFDB;
    5395 : 0029;
    5396 : 0040;
    5397 : 0012;
    5398 : 002E;
    5399 : 0010;
    5400 : FFEC;
    5401 : FFA5;
    5402 : FFAF;
    5403 : 0008;
    5404 : 0002;
    5405 : 0035;
    5406 : 0026;
    5407 : FFDA;
    5408 : FFA6;
    5409 : FFB6;
    5410 : FFFD;
    5411 : 0015;
    5412 : 0047;
    5413 : 0006;
    5414 : 0012;
    5415 : 0010;
    5416 : FFFB;
    5417 : FFF5;
    5418 : 0000;
    5419 : 0037;
    5420 : 00A5;
    5421 : FFF6;
    5422 : FFBE;
    5423 : FFC3;
    5424 : FFCC;
    5425 : 0037;
    5426 : 000D;
    5427 : 002C;
    5428 : 001D;
    5429 : 0026;
    5430 : 0008;
    5431 : FFFE;
    5432 : FFFF;
    5433 : 0011;
    5434 : 0020;
    5435 : FFD9;
    5436 : FFE2;
    5437 : FFAC;
    5438 : FFD2;
    5439 : FFEF;
    5440 : 0013;
    5441 : FFDC;
    5442 : 0024;
    5443 : 003E;
    5444 : 0003;
    5445 : FFFF;
    5446 : 0000;
    5447 : 0019;
    5448 : FFEF;
    5449 : FFDF;
    5450 : FFEF;
    5451 : 0056;
    5452 : 0009;
    5453 : FFD3;
    5454 : FFF0;
    5455 : 0034;
    5456 : 0065;
    5457 : 0072;
    5458 : 0028;
    5459 : 0003;
    5460 : 0000;
    5461 : 000B;
    5462 : 0014;
    5463 : 0043;
    5464 : 0033;
    5465 : 0064;
    5466 : 003F;
    5467 : 0042;
    5468 : 0058;
    5469 : 003B;
    5470 : 0033;
    5471 : 002B;
    5472 : 0003;
    5473 : 0000;
    5474 : 0000;
    5475 : 0000;
    5476 : FFFC;
    5477 : FFED;
    5478 : FFD4;
    5479 : FFE2;
    5480 : FFDF;
    5481 : FFBF;
    5482 : FFBB;
    5483 : FFAD;
    5484 : FFD8;
    5485 : FFF7;
    5486 : FFFF;
    5487 : 0000;
    5488 : 0000;  -- W1[28][0]
    5489 : 0000;
    5490 : 0000;
    5491 : 0004;
    5492 : 0002;
    5493 : 0004;
    5494 : 0004;
    5495 : FFFF;
    5496 : FFF7;
    5497 : 0005;
    5498 : 0004;
    5499 : 0003;
    5500 : 0000;
    5501 : 0000;
    5502 : 0000;
    5503 : 0000;
    5504 : 0004;
    5505 : 0010;
    5506 : 0018;
    5507 : 002D;
    5508 : 002F;
    5509 : 0026;
    5510 : 0020;
    5511 : 0030;
    5512 : 0018;
    5513 : 0028;
    5514 : FFFB;
    5515 : FFFF;
    5516 : 0000;
    5517 : FFFF;
    5518 : FFF8;
    5519 : FFE3;
    5520 : FFC0;
    5521 : FFDD;
    5522 : 0024;
    5523 : 0020;
    5524 : 0038;
    5525 : 001F;
    5526 : 0038;
    5527 : FFF8;
    5528 : 002E;
    5529 : 000A;
    5530 : FFFD;
    5531 : FFF4;
    5532 : FFCB;
    5533 : FFB7;
    5534 : FFDF;
    5535 : FFE2;
    5536 : FFF5;
    5537 : 0018;
    5538 : FFEC;
    5539 : 000F;
    5540 : FFF6;
    5541 : FFEB;
    5542 : 0058;
    5543 : 0009;
    5544 : FFFA;
    5545 : FFF2;
    5546 : FFE9;
    5547 : FFD9;
    5548 : FFD5;
    5549 : FFF3;
    5550 : 0013;
    5551 : FFE8;
    5552 : FFC2;
    5553 : FFF3;
    5554 : 0019;
    5555 : 0012;
    5556 : 004D;
    5557 : 0010;
    5558 : FFFC;
    5559 : FFAD;
    5560 : 0008;
    5561 : 0038;
    5562 : 0009;
    5563 : 001A;
    5564 : 000B;
    5565 : FFB8;
    5566 : FF66;
    5567 : FFEA;
    5568 : 0010;
    5569 : FFFF;
    5570 : 003A;
    5571 : FFFA;
    5572 : FFFD;
    5573 : FFCF;
    5574 : 0041;
    5575 : 001B;
    5576 : 0030;
    5577 : 000F;
    5578 : 0064;
    5579 : 0033;
    5580 : 0015;
    5581 : FFF0;
    5582 : 0018;
    5583 : 0039;
    5584 : FFF4;
    5585 : FFE1;
    5586 : FFFD;
    5587 : FFF2;
    5588 : 0003;
    5589 : 000D;
    5590 : 004B;
    5591 : 003E;
    5592 : 0093;
    5593 : 0082;
    5594 : 0024;
    5595 : FFD3;
    5596 : FFB1;
    5597 : FFB7;
    5598 : FFB5;
    5599 : 0004;
    5600 : FFFD;
    5601 : FFFC;
    5602 : FFB0;
    5603 : 0014;
    5604 : 002F;
    5605 : 003E;
    5606 : 0056;
    5607 : 0050;
    5608 : FFFE;
    5609 : FFB4;
    5610 : FF85;
    5611 : FFC0;
    5612 : FFE3;
    5613 : FFFB;
    5614 : 0000;
    5615 : FFF2;
    5616 : FFC8;
    5617 : FFF8;
    5618 : 0002;
    5619 : 000F;
    5620 : 001D;
    5621 : 0027;
    5622 : 002D;
    5623 : FFFE;
    5624 : FFFB;
    5625 : 0037;
    5626 : 0016;
    5627 : FFF7;
    5628 : 0000;
    5629 : FFEA;
    5630 : 000F;
    5631 : 0025;
    5632 : FFE1;
    5633 : FFC1;
    5634 : 000F;
    5635 : 0045;
    5636 : 004A;
    5637 : 004E;
    5638 : 0059;
    5639 : 0068;
    5640 : FFF9;
    5641 : FFFB;
    5642 : 0000;
    5643 : 0005;
    5644 : FFFE;
    5645 : FFC4;
    5646 : 0015;
    5647 : FFE8;
    5648 : 0017;
    5649 : FFFE;
    5650 : 0042;
    5651 : 0043;
    5652 : 0070;
    5653 : 0063;
    5654 : FFF9;
    5655 : FFFD;
    5656 : 0000;
    5657 : FFFC;
    5658 : FFB3;
    5659 : FFA9;
    5660 : 001A;
    5661 : FFFD;
    5662 : 0012;
    5663 : 003D;
    5664 : 003C;
    5665 : 005A;
    5666 : 003D;
    5667 : 0010;
    5668 : FFFD;
    5669 : 0000;
    5670 : 0000;
    5671 : 0000;
    5672 : 0008;
    5673 : 0007;
    5674 : FFFE;
    5675 : FFE3;
    5676 : FFEC;
    5677 : FFE5;
    5678 : FFE6;
    5679 : FFD8;
    5680 : FFF4;
    5681 : FFFA;
    5682 : 0001;
    5683 : 0000;
    5684 : 0000;  -- W1[29][0]
    5685 : 0000;
    5686 : 0000;
    5687 : 0000;
    5688 : 0000;
    5689 : 0000;
    5690 : 0000;
    5691 : 0001;
    5692 : 0010;
    5693 : 0000;
    5694 : FFFF;
    5695 : 0000;
    5696 : 0000;
    5697 : 0000;
    5698 : 0000;
    5699 : 0000;
    5700 : FFFE;
    5701 : FFFC;
    5702 : 000E;
    5703 : 0036;
    5704 : 0045;
    5705 : FFDF;
    5706 : FFD9;
    5707 : FFEA;
    5708 : FFE2;
    5709 : 000B;
    5710 : FFEA;
    5711 : FFFC;
    5712 : 0000;
    5713 : 0003;
    5714 : 0009;
    5715 : 003C;
    5716 : 003D;
    5717 : 0048;
    5718 : 0038;
    5719 : FFEB;
    5720 : FFBC;
    5721 : FFF5;
    5722 : FFD9;
    5723 : FFDE;
    5724 : FFF5;
    5725 : 0007;
    5726 : FFFD;
    5727 : 0003;
    5728 : FFCA;
    5729 : FFDA;
    5730 : FFF6;
    5731 : FFB8;
    5732 : 001C;
    5733 : 0064;
    5734 : 002B;
    5735 : FFA2;
    5736 : FF9E;
    5737 : FFCD;
    5738 : 0041;
    5739 : 0004;
    5740 : FFFB;
    5741 : FFF1;
    5742 : FFE6;
    5743 : FFE0;
    5744 : FF90;
    5745 : FFF2;
    5746 : 001C;
    5747 : 0062;
    5748 : 0020;
    5749 : FFC6;
    5750 : FFAA;
    5751 : FFC7;
    5752 : FFDC;
    5753 : 0009;
    5754 : FFFD;
    5755 : FFDE;
    5756 : FFF0;
    5757 : 0011;
    5758 : 0021;
    5759 : 0045;
    5760 : 002B;
    5761 : 0012;
    5762 : 0035;
    5763 : 0072;
    5764 : FFE8;
    5765 : FF60;
    5766 : FF6D;
    5767 : FFED;
    5768 : FFFF;
    5769 : FFE7;
    5770 : FFDD;
    5771 : FFE6;
    5772 : 0028;
    5773 : FFC8;
    5774 : 0020;
    5775 : 007C;
    5776 : 0062;
    5777 : 0070;
    5778 : FF7E;
    5779 : FF26;
    5780 : FF91;
    5781 : FFED;
    5782 : FFFF;
    5783 : FFFC;
    5784 : FF8B;
    5785 : 000A;
    5786 : FFB6;
    5787 : FFBE;
    5788 : 0025;
    5789 : 002D;
    5790 : 0012;
    5791 : FF86;
    5792 : FF4C;
    5793 : FF4D;
    5794 : FFD0;
    5795 : 000C;
    5796 : 0000;
    5797 : FFF3;
    5798 : FFA6;
    5799 : FFA1;
    5800 : 0000;
    5801 : 004A;
    5802 : 004C;
    5803 : FFEA;
    5804 : FFB1;
    5805 : FF58;
    5806 : FF87;
    5807 : FFA0;
    5808 : FFE6;
    5809 : 0001;
    5810 : 0000;
    5811 : 000E;
    5812 : FFD4;
    5813 : FFBE;
    5814 : 0008;
    5815 : 0039;
    5816 : FFDB;
    5817 : FFEC;
    5818 : FFE2;
    5819 : FFF0;
    5820 : FFF8;
    5821 : FFE9;
    5822 : FFE4;
    5823 : 0000;
    5824 : 0000;
    5825 : 0003;
    5826 : FFC8;
    5827 : FFE3;
    5828 : FFDF;
    5829 : FFED;
    5830 : 001C;
    5831 : 003C;
    5832 : 003B;
    5833 : 0020;
    5834 : 0044;
    5835 : FFFE;
    5836 : 0026;
    5837 : 0000;
    5838 : 0000;
    5839 : 0002;
    5840 : FFA9;
    5841 : FFBA;
    5842 : FFE1;
    5843 : FFE7;
    5844 : 0042;
    5845 : 0015;
    5846 : 0039;
    5847 : 0045;
    5848 : 005D;
    5849 : 005A;
    5850 : 0039;
    5851 : FFFE;
    5852 : 0000;
    5853 : FFFD;
    5854 : FFDF;
    5855 : FFAF;
    5856 : FFC0;
    5857 : FFDC;
    5858 : FFF1;
    5859 : 0049;
    5860 : 0069;
    5861 : 0045;
    5862 : 0034;
    5863 : 0020;
    5864 : 0004;
    5865 : 0000;
    5866 : 0000;
    5867 : 0000;
    5868 : 0006;
    5869 : 000D;
    5870 : 0029;
    5871 : 0027;
    5872 : 0022;
    5873 : 004F;
    5874 : 0054;
    5875 : 002F;
    5876 : 0026;
    5877 : 0004;
    5878 : 0000;
    5879 : 0000;
    5880 : 0000;  -- W1[30][0]
    5881 : 0000;
    5882 : 0000;
    5883 : 0000;
    5884 : 0000;
    5885 : FFFC;
    5886 : FFF7;
    5887 : 0004;
    5888 : FFF6;
    5889 : FFF6;
    5890 : FFF6;
    5891 : FFFA;
    5892 : 0000;
    5893 : 0000;
    5894 : 0000;
    5895 : 0000;
    5896 : FFFE;
    5897 : FFF8;
    5898 : FFF9;
    5899 : FFE7;
    5900 : 0020;
    5901 : 0015;
    5902 : FFF1;
    5903 : FFE8;
    5904 : FFAE;
    5905 : FFDE;
    5906 : FFFC;
    5907 : FFFF;
    5908 : 0000;
    5909 : 0006;
    5910 : 0048;
    5911 : 0039;
    5912 : 0049;
    5913 : 0003;
    5914 : 004F;
    5915 : 006C;
    5916 : 001B;
    5917 : 001D;
    5918 : FFF5;
    5919 : FFB3;
    5920 : FFFB;
    5921 : FFFA;
    5922 : 0003;
    5923 : 0019;
    5924 : 0034;
    5925 : 0010;
    5926 : 001B;
    5927 : 0027;
    5928 : 001E;
    5929 : 0004;
    5930 : 0010;
    5931 : 0007;
    5932 : 0007;
    5933 : FFCF;
    5934 : FFC6;
    5935 : FFF9;
    5936 : 0003;
    5937 : 001E;
    5938 : 0043;
    5939 : 0030;
    5940 : FFEB;
    5941 : FFFD;
    5942 : 0032;
    5943 : 005C;
    5944 : 0034;
    5945 : 002A;
    5946 : FFF0;
    5947 : FFE7;
    5948 : FFC1;
    5949 : 0019;
    5950 : 0001;
    5951 : 003A;
    5952 : 000F;
    5953 : 000E;
    5954 : FF9E;
    5955 : 0006;
    5956 : 005A;
    5957 : 0056;
    5958 : FFD2;
    5959 : 0008;
    5960 : FFD6;
    5961 : FFF1;
    5962 : FFF8;
    5963 : 000A;
    5964 : FFFF;
    5965 : 000E;
    5966 : FFBC;
    5967 : FF83;
    5968 : FFA9;
    5969 : FFBA;
    5970 : 0023;
    5971 : 0070;
    5972 : 003F;
    5973 : FFFD;
    5974 : FFED;
    5975 : FF9E;
    5976 : 0013;
    5977 : 0020;
    5978 : 0003;
    5979 : 0016;
    5980 : FF6E;
    5981 : FF7B;
    5982 : FFB2;
    5983 : FFD9;
    5984 : 0059;
    5985 : 00BC;
    5986 : 0055;
    5987 : FFCD;
    5988 : FFC7;
    5989 : FFF4;
    5990 : 0003;
    5991 : 001E;
    5992 : 0003;
    5993 : 0054;
    5994 : FFD1;
    5995 : FFB8;
    5996 : FFC2;
    5997 : FFC4;
    5998 : 007E;
    5999 : 007A;
    6000 : FFE0;
    6001 : FFC1;
    6002 : FFEF;
    6003 : 0032;
    6004 : 0058;
    6005 : 001F;
    6006 : 0000;
    6007 : 0035;
    6008 : 0046;
    6009 : FFFA;
    6010 : FFE3;
    6011 : FFBC;
    6012 : FFFC;
    6013 : 000C;
    6014 : FFE2;
    6015 : FFF1;
    6016 : 0021;
    6017 : 0061;
    6018 : 003C;
    6019 : 0012;
    6020 : FFFE;
    6021 : 0028;
    6022 : 0020;
    6023 : 0071;
    6024 : 002C;
    6025 : FFFF;
    6026 : FFD2;
    6027 : 002B;
    6028 : 0002;
    6029 : 0018;
    6030 : 001E;
    6031 : 002A;
    6032 : 0006;
    6033 : FFFF;
    6034 : 0000;
    6035 : 0012;
    6036 : 0051;
    6037 : 003B;
    6038 : 0008;
    6039 : 000D;
    6040 : FFFA;
    6041 : 0013;
    6042 : FFDD;
    6043 : 0031;
    6044 : FFFC;
    6045 : 0015;
    6046 : FFF5;
    6047 : FFFE;
    6048 : 0000;
    6049 : 0007;
    6050 : 0005;
    6051 : FFF4;
    6052 : 0008;
    6053 : FFFE;
    6054 : 0022;
    6055 : FFED;
    6056 : FFE8;
    6057 : 0000;
    6058 : FFDC;
    6059 : FFDF;
    6060 : FFF7;
    6061 : 0000;
    6062 : 0000;
    6063 : 0000;
    6064 : FFFB;
    6065 : FFFD;
    6066 : 0011;
    6067 : 000B;
    6068 : FFE4;
    6069 : FFE3;
    6070 : FFED;
    6071 : 000F;
    6072 : FFF5;
    6073 : FFF8;
    6074 : 0000;
    6075 : 0000;
    6076 : 0000;  -- W1[31][0]
    6077 : 0000;
    6078 : 0000;
    6079 : 0000;
    6080 : 0000;
    6081 : 0000;
    6082 : 0002;
    6083 : 0008;
    6084 : 0004;
    6085 : 0002;
    6086 : 0001;
    6087 : 0000;
    6088 : 0000;
    6089 : 0000;
    6090 : 0000;
    6091 : 0000;
    6092 : 0005;
    6093 : 000A;
    6094 : FFE7;
    6095 : FFDB;
    6096 : 004E;
    6097 : 00AB;
    6098 : 0089;
    6099 : 002B;
    6100 : 0022;
    6101 : FFF7;
    6102 : 0006;
    6103 : 0000;
    6104 : 0000;
    6105 : 0000;
    6106 : 001F;
    6107 : FFFF;
    6108 : 002E;
    6109 : FFFD;
    6110 : 004A;
    6111 : 0034;
    6112 : 0000;
    6113 : 000E;
    6114 : 0008;
    6115 : 0034;
    6116 : FFF2;
    6117 : 0001;
    6118 : 0002;
    6119 : FFE6;
    6120 : FFEA;
    6121 : FFDB;
    6122 : FFCB;
    6123 : FFF3;
    6124 : 004A;
    6125 : 0021;
    6126 : FFCA;
    6127 : FFEE;
    6128 : FFFC;
    6129 : 0004;
    6130 : 006E;
    6131 : 000A;
    6132 : 0005;
    6133 : 0004;
    6134 : FFB7;
    6135 : FFD2;
    6136 : FFC6;
    6137 : FFDA;
    6138 : 00AA;
    6139 : 0088;
    6140 : FF9F;
    6141 : FFDE;
    6142 : FFE4;
    6143 : 003F;
    6144 : 003A;
    6145 : FFF5;
    6146 : 0005;
    6147 : 0026;
    6148 : FFE5;
    6149 : FFF1;
    6150 : 0000;
    6151 : 006C;
    6152 : 00E8;
    6153 : FF87;
    6154 : FF7D;
    6155 : FFDD;
    6156 : FFBE;
    6157 : FFC6;
    6158 : FFCE;
    6159 : 0004;
    6160 : 0003;
    6161 : 0012;
    6162 : 0025;
    6163 : 004D;
    6164 : 0060;
    6165 : 0082;
    6166 : 0007;
    6167 : FF72;
    6168 : FFC7;
    6169 : FFCD;
    6170 : FFA9;
    6171 : FFE1;
    6172 : FFE6;
    6173 : 0002;
    6174 : 0005;
    6175 : 000B;
    6176 : 007C;
    6177 : 006E;
    6178 : 005C;
    6179 : FFD5;
    6180 : FF91;
    6181 : FF93;
    6182 : FFC6;
    6183 : FFC5;
    6184 : FFDA;
    6185 : 0066;
    6186 : 001C;
    6187 : FFEC;
    6188 : 0003;
    6189 : 0016;
    6190 : 0006;
    6191 : FFCB;
    6192 : FFBA;
    6193 : FFD3;
    6194 : FF62;
    6195 : FFDF;
    6196 : FFCA;
    6197 : FFDB;
    6198 : 001A;
    6199 : 0009;
    6200 : FFDD;
    6201 : FFE0;
    6202 : 0000;
    6203 : 0018;
    6204 : FFBE;
    6205 : FFB9;
    6206 : FFB6;
    6207 : FF90;
    6208 : FF65;
    6209 : FFFA;
    6210 : 001C;
    6211 : 002D;
    6212 : 004A;
    6213 : 0031;
    6214 : FFDC;
    6215 : FFE9;
    6216 : 0000;
    6217 : 0001;
    6218 : FFE9;
    6219 : 0020;
    6220 : 0031;
    6221 : 0037;
    6222 : 0045;
    6223 : 0065;
    6224 : 0061;
    6225 : 0060;
    6226 : 006B;
    6227 : 0035;
    6228 : 0011;
    6229 : FFFD;
    6230 : 0000;
    6231 : 0006;
    6232 : 0039;
    6233 : FFE0;
    6234 : 003A;
    6235 : 0045;
    6236 : 0049;
    6237 : 0049;
    6238 : 0055;
    6239 : 006C;
    6240 : 0039;
    6241 : 0009;
    6242 : FFE4;
    6243 : 0000;
    6244 : 0000;
    6245 : 0001;
    6246 : FFFB;
    6247 : 003D;
    6248 : 007F;
    6249 : 0014;
    6250 : FFFE;
    6251 : 0015;
    6252 : 0029;
    6253 : 003F;
    6254 : 0022;
    6255 : 0027;
    6256 : 0007;
    6257 : 0000;
    6258 : 0000;
    6259 : 0000;
    6260 : FFF3;
    6261 : FFFB;
    6262 : 0011;
    6263 : 0007;
    6264 : FFE2;
    6265 : FFEE;
    6266 : 000F;
    6267 : 002A;
    6268 : 000F;
    6269 : 0018;
    6270 : 0000;
    6271 : 0000;
    6272 : FFFE;  -- b1[0]
    6273 : 003C;  -- b1[1]
    6274 : FFD4;  -- b1[2]
    6275 : FFBC;  -- b1[3]
    6276 : 002C;  -- b1[4]
    6277 : FFD7;  -- b1[5]
    6278 : 002C;  -- b1[6]
    6279 : 0076;  -- b1[7]
    6280 : 004D;  -- b1[8]
    6281 : 001B;  -- b1[9]
    6282 : FFF2;  -- b1[10]
    6283 : FFE4;  -- b1[11]
    6284 : FFFC;  -- b1[12]
    6285 : FFF6;  -- b1[13]
    6286 : 0056;  -- b1[14]
    6287 : 0004;  -- b1[15]
    6288 : 0058;  -- b1[16]
    6289 : 0051;  -- b1[17]
    6290 : 0016;  -- b1[18]
    6291 : 002E;  -- b1[19]
    6292 : 005C;  -- b1[20]
    6293 : FFFB;  -- b1[21]
    6294 : 005C;  -- b1[22]
    6295 : FFCE;  -- b1[23]
    6296 : FFF7;  -- b1[24]
    6297 : 0000;  -- b1[25]
    6298 : 004E;  -- b1[26]
    6299 : 0043;  -- b1[27]
    6300 : FFE9;  -- b1[28]
    6301 : FFC8;  -- b1[29]
    6302 : 001D;  -- b1[30]
    6303 : 0031;  -- b1[31]
    6304 : FE73;  -- W2[0][0]
    6305 : FF97;
    6306 : 006B;
    6307 : 008A;
    6308 : 0061;
    6309 : 0013;
    6310 : 00AC;
    6311 : FEE1;
    6312 : 0031;
    6313 : FFAB;
    6314 : 003D;
    6315 : 0081;
    6316 : FFEB;
    6317 : FF69;
    6318 : FFDC;
    6319 : 003E;
    6320 : 0001;
    6321 : FF3C;
    6322 : 0027;
    6323 : 006E;
    6324 : FFFF;
    6325 : 0055;
    6326 : FF1D;
    6327 : FED0;
    6328 : FFC1;
    6329 : 0040;
    6330 : 003E;
    6331 : FF36;
    6332 : FF57;
    6333 : 007F;
    6334 : FF0D;
    6335 : 0052;
    6336 : 003B;  -- W2[1][0]
    6337 : 005D;
    6338 : FF13;
    6339 : FF81;
    6340 : FF77;
    6341 : FEDB;
    6342 : FF2C;
    6343 : FFF8;
    6344 : FF0A;
    6345 : 00E9;
    6346 : FF72;
    6347 : 000C;
    6348 : 004A;
    6349 : FF94;
    6350 : 0068;
    6351 : FF1E;
    6352 : 009E;
    6353 : FFAC;
    6354 : FF1A;
    6355 : 0008;
    6356 : FF1B;
    6357 : FFB3;
    6358 : 005E;
    6359 : 00BC;
    6360 : FEFB;
    6361 : 0002;
    6362 : 0120;
    6363 : FF4A;
    6364 : 002B;
    6365 : FFE0;
    6366 : 00A9;
    6367 : 0148;
    6368 : FF50;  -- W2[2][0]
    6369 : FE81;
    6370 : 00B2;
    6371 : 0018;
    6372 : FFE8;
    6373 : 0046;
    6374 : 0041;
    6375 : FFD4;
    6376 : FF95;
    6377 : 0082;
    6378 : FF37;
    6379 : 005C;
    6380 : FFBE;
    6381 : 011A;
    6382 : 00C9;
    6383 : FF52;
    6384 : 006C;
    6385 : 010C;
    6386 : 0107;
    6387 : FDB8;
    6388 : 0084;
    6389 : FF53;
    6390 : 000B;
    6391 : FEC6;
    6392 : FF42;
    6393 : 0068;
    6394 : 005F;
    6395 : 002C;
    6396 : 0010;
    6397 : 00DA;
    6398 : 0049;
    6399 : FF63;
    6400 : 00D1;  -- W2[3][0]
    6401 : FE47;
    6402 : 0051;
    6403 : FFD3;
    6404 : FF01;
    6405 : 0018;
    6406 : FF96;
    6407 : 0010;
    6408 : FFED;
    6409 : 004D;
    6410 : FFED;
    6411 : FFF3;
    6412 : FE48;
    6413 : 0016;
    6414 : FF99;
    6415 : FF1B;
    6416 : FFE1;
    6417 : FF86;
    6418 : 00BD;
    6419 : 006B;
    6420 : FFAB;
    6421 : 0088;
    6422 : FFAA;
    6423 : FFB8;
    6424 : 00DB;
    6425 : 0067;
    6426 : FFE8;
    6427 : 004A;
    6428 : FFF5;
    6429 : 000E;
    6430 : 00BA;
    6431 : 0008;
    6432 : FFF7;  -- W2[4][0]
    6433 : 0043;
    6434 : FE7E;
    6435 : FEA2;
    6436 : FDF1;
    6437 : FFB5;
    6438 : FF71;
    6439 : FF8B;
    6440 : 0059;
    6441 : FF89;
    6442 : 00BE;
    6443 : 004C;
    6444 : 0061;
    6445 : FEE5;
    6446 : 00D9;
    6447 : 0052;
    6448 : 0028;
    6449 : 0071;
    6450 : FF66;
    6451 : 00AF;
    6452 : 001A;
    6453 : FF9D;
    6454 : 0086;
    6455 : FF88;
    6456 : 0018;
    6457 : FF98;
    6458 : FEAC;
    6459 : 00CD;
    6460 : 0013;
    6461 : FF59;
    6462 : FFD0;
    6463 : FFC9;
    6464 : 00B0;  -- W2[5][0]
    6465 : 00AA;
    6466 : 008F;
    6467 : 0037;
    6468 : 00B1;
    6469 : FF83;
    6470 : 0039;
    6471 : 000E;
    6472 : FFE8;
    6473 : FFEF;
    6474 : FF58;
    6475 : 0079;
    6476 : FF9A;
    6477 : 0109;
    6478 : FFCA;
    6479 : 0089;
    6480 : 0143;
    6481 : FFEA;
    6482 : FFDF;
    6483 : 0092;
    6484 : FFD7;
    6485 : FFA9;
    6486 : FF3E;
    6487 : 015D;
    6488 : 0067;
    6489 : FFC6;
    6490 : FEC2;
    6491 : 005F;
    6492 : FFF7;
    6493 : FE38;
    6494 : FF8C;
    6495 : 0067;
    6496 : FF70;  -- W2[6][0]
    6497 : 00ED;
    6498 : FED0;
    6499 : 007E;
    6500 : FFC1;
    6501 : 005B;
    6502 : 0007;
    6503 : 0058;
    6504 : 006B;
    6505 : 0067;
    6506 : 002B;
    6507 : 0063;
    6508 : FFEE;
    6509 : FFC9;
    6510 : 006A;
    6511 : 0094;
    6512 : FEF5;
    6513 : 00B1;
    6514 : FFD2;
    6515 : 0035;
    6516 : FFCC;
    6517 : FF3E;
    6518 : FEC9;
    6519 : FFC4;
    6520 : FEC0;
    6521 : 0028;
    6522 : FEEE;
    6523 : FEDE;
    6524 : 0079;
    6525 : FF94;
    6526 : FF02;
    6527 : 002A;
    6528 : FEC2;  -- W2[7][0]
    6529 : FFD0;
    6530 : FF5A;
    6531 : FEBE;
    6532 : FFE5;
    6533 : FF0C;
    6534 : FFCC;
    6535 : 0049;
    6536 : 0066;
    6537 : 0059;
    6538 : 0018;
    6539 : FE68;
    6540 : 0047;
    6541 : 0093;
    6542 : FFB7;
    6543 : FFD0;
    6544 : FF82;
    6545 : FF0D;
    6546 : 00FC;
    6547 : FF8E;
    6548 : 00D6;
    6549 : 0056;
    6550 : 00D4;
    6551 : 00E8;
    6552 : 0049;
    6553 : FFD1;
    6554 : 0091;
    6555 : FFE8;
    6556 : FEF1;
    6557 : FF56;
    6558 : 0047;
    6559 : 0081;
    6560 : 0058;  -- W2[8][0]
    6561 : FF82;
    6562 : 007D;
    6563 : 0000;
    6564 : 0055;
    6565 : 0007;
    6566 : FFDA;
    6567 : FFC5;
    6568 : FFB4;
    6569 : 0031;
    6570 : 0055;
    6571 : 0085;
    6572 : 0109;
    6573 : FFFE;
    6574 : FFDD;
    6575 : 00C2;
    6576 : FEE4;
    6577 : FF32;
    6578 : FECF;
    6579 : FF8B;
    6580 : 0023;
    6581 : FFDF;
    6582 : FFCF;
    6583 : FF31;
    6584 : FFDF;
    6585 : FFEE;
    6586 : FF15;
    6587 : 0002;
    6588 : 00E2;
    6589 : 007D;
    6590 : 0070;
    6591 : FE5B;
    6592 : 006B;  -- W2[9][0]
    6593 : 008A;
    6594 : FFDE;
    6595 : 00EF;
    6596 : 0045;
    6597 : 0002;
    6598 : 0017;
    6599 : FF59;
    6600 : 0030;
    6601 : FE31;
    6602 : 002D;
    6603 : 0012;
    6604 : FFF1;
    6605 : FE17;
    6606 : FE9F;
    6607 : FF8F;
    6608 : FF7D;
    6609 : 00CE;
    6610 : FE64;
    6611 : 00DB;
    6612 : 0025;
    6613 : FF9A;
    6614 : 00DB;
    6615 : 0016;
    6616 : 009E;
    6617 : 0080;
    6618 : 0028;
    6619 : FFF0;
    6620 : 001F;
    6621 : 00C9;
    6622 : FFCD;
    6623 : FE83;
    6624 : FFA6;  -- b2[0]
    6625 : 003B;  -- b2[1]
    6626 : 002C;  -- b2[2]
    6627 : FFDF;  -- b2[3]
    6628 : 000E;  -- b2[4]
    6629 : 000F;  -- b2[5]
    6630 : 000A;  -- b2[6]
    6631 : 002D;  -- b2[7]
    6632 : FFD9;  -- b2[8]
    6633 : FFE5;  -- b2[9]
END;
